label,centroid-0,centroid-1,centroid-2,bbox-0,bbox-1,bbox-2,bbox-3,bbox-4,bbox-5,area,major_axis_length,minor_axis_length,area_bbox,extent,area_filled,area_convex,euler_number,intensity_max-0,intensity_max-1,intensity_mean-0,intensity_mean-1,intensity_min-0,intensity_min-1,inertia_tensor_eigvals-0,inertia_tensor_eigvals-1,inertia_tensor_eigvals-2,solidity,well_area
1,80.27460844201137,469.06809047729763,1228.769579409198,68,348,1125,97,576,1328,331177,243.05953327750436,21.872734757107185,1342236,0.24673529841249975,331386,607227,-167,7141.0,3252.0,639.9762815654469,335.07484215389354,118.0,142.0,4420.81962722897,2977.8176621416505,1490.8436176627956,0.5453924150276586,18064950
2,97.28854449179904,766.5499160532094,304.0051659563477,90,726,244,101,819,354,38715,104.61518541329957,9.507096922423573,112530,0.3440415889096241,38715,51651,-1,2413.0,4972.0,411.70047785096216,536.2597701149425,109.0,148.0,936.1006423618078,551.73609554757,393.40303600347335,0.7495498635069989,18064950
3,56.00120941482928,1224.5983812447669,2658.7805377244395,51,1201,2632,61,1246,2689,10749,58.57053163499742,8.362995097830035,25650,0.41906432748538014,10749,13653,1,228.0,1891.0,152.81700623313796,547.8877104846963,108.0,239.0,269.4009116961269,175.02234315062813,101.3725372461317,0.7872994946165678,18064950
4,38.78053793751468,2124.5070472163497,1756.6074113225277,34,2091,1724,45,2157,1794,17028,73.02197348926096,9.292457259595492,50820,0.33506493506493507,17028,27257,0,4829.0,759.0,548.6279069767442,288.3192389006343,114.0,147.0,471.8833322761181,270.92791870938686,209.59038975887213,0.6247202553472503,18064950
5,56.87809375221615,1245.6612297000213,1257.6165520175873,51,1212,1223,63,1295,1293,14101,96.22528029866004,9.745020426817495,69720,0.20225186460126218,14109,32119,-5,2081.0,1614.0,543.8050492872846,349.19544713140914,95.0,125.0,679.5183648412201,467.7134995837392,221.30140756938994,0.4390236308726922,18064950
6,82.60357052204078,1904.0248752009477,4102.317877993062,76,1850,4031,90,1972,4167,59095,141.5764219359768,11.588886149008637,232288,0.2544040157046425,59101,125580,-44,1401.0,2456.0,236.252694813436,423.82414755901516,85.0,114.0,1678.673411857503,1008.9092765184212,683.1943635565502,0.47057652492435104,18064950
7,43.607208668091694,1441.9187734945087,2250.708631237562,39,1409,2219,49,1474,2282,13567,70.2069981363239,8.288769522030215,40950,0.3313064713064713,13572,19314,-3,1948.0,202.0,782.3672145647527,163.04879486990492,401.0,116.0,390.51259435703207,249.88631437515627,147.4966500008095,0.7024438231334783,18064950
8,95.07223880597014,713.2490215588723,3780.4567164179102,91,678,3744,101,756,3819,15075,74.83541487292784,7.7744536301241975,58500,0.25769230769230766,15083,26306,-5,1012.0,406.0,481.06467661691545,179.93757877280265,212.0,138.0,511.36290265678883,283.03907242250904,234.36804315897493,0.5730631795027751,18064950
9,93.31558843917551,3004.025770886679,4378.5738914746225,81,2915,4302,101,3090,4462,212061,176.84321803543028,17.188055043940913,560000,0.37868035714285714,212328,293230,61,6941.0,1420.0,593.1399974535628,196.79541264070244,130.0,127.0,2700.6790412481196,1578.4476500660144,1151.7743148014595,0.7231899873819186,18064950
10,51.445762711864404,1227.8483050847458,1056.3627118644067,48,1202,1040,56,1260,1072,4720,51.721611708901065,6.229901937167906,14848,0.31788793103448276,4720,7330,-2,4451.0,202.0,1080.367372881356,147.323093220339,349.0,103.0,185.2302929958523,135.69683979565303,53.414621014872104,0.6439290586630286,18064950
11,94.9433710859427,933.7450144348212,420.0688429935598,90,890,377,101,979,457,22515,88.64383262438065,10.26493060755439,78320,0.28747446373850866,22520,42211,-25,1985.0,898.0,489.09669109482564,226.08461025982677,121.0,137.0,660.5500462953337,398.15489313585584,272.93203319726854,0.5333917699177939,18064950
12,62.167787042208566,2106.900432857257,304.77743756482886,53,2048,239,73,2173,379,100264,145.91421499049113,17.0059091224627,350000,0.2864685714285714,100298,170705,-46,4964.0,1541.0,598.7124291869465,237.26873055134445,121.0,129.0,1690.7133136637244,1079.0079540686363,640.6254541032341,0.5873524501332709,18064950
13,41.50288599153862,2351.6057279461493,2671.7343157762293,34,2285,2620,49,2415,2723,63583,135.74386895354553,11.581484514676358,200850,0.31656957928802587,63591,105377,-24,5238.0,1291.0,720.8789613575956,230.4842489344636,134.0,149.0,1381.1135229565123,928.0264371020517,466.50016421082944,0.6033859381079363,18064950
14,96.1757792094724,3796.629549016194,804.50888037611,89,3768,783,101,3822,826,11486,53.754226031886,10.9139138026524,27864,0.4122164800459374,11486,13660,1,15452.0,464.0,2170.8933484241684,192.43487724185965,284.0,142.0,223.50344207461416,150.43151653894085,84.98327698484596,0.8408491947291362,18064950
15,52.14512946979038,3082.7455610357583,1355.5334155363748,47,3048,1326,58,3112,1384,16220,64.56375263135561,9.438289271858244,40832,0.397237460815047,16220,20766,1,262.0,1827.0,164.25819975339087,546.9479038224414,116.0,231.0,360.9944048428101,212.87797291110763,157.02456236962993,0.7810844649908504,18064950
16,59.845879392182475,3444.2417412634195,1467.1558089898379,50,3373,1405,72,3493,1521,62782,126.29782563807744,15.066519948291132,306240,0.20500914315569488,62803,112689,-12,5075.0,2087.0,583.2231053486668,303.50965244815393,121.0,144.0,1212.2215750533624,808.9070392129232,426.0145381756646,0.5571262501220172,18064950
17,65.93376449598573,1533.842774308653,3554.0883140053525,62,1512,3531,71,1558,3579,8968,50.78437857746447,7.985349516633593,19872,0.45128824476650564,8968,11351,1,3615.0,235.0,1009.6383809099019,193.74553969669938,325.0,148.0,228.16909404308223,132.14094572010166,102.4047290132606,0.7900625495551052,18064950
18,86.51108080463689,4086.910671667235,2808.9178315717695,79,4054,2774,92,4115,2832,5866,74.36662078980294,12.904064172900641,45994,0.12753837457059616,5867,18628,-11,1351.0,611.0,394.89226048414594,233.272758267985,115.0,139.0,380.0679431484855,284.84545799363445,111.87397237268482,0.3149022976164913,18064950
19,98.85966567808035,3430.760447559989,343.31949312483147,96,3405,293,101,3465,381,7418,82.52767071118384,4.978945164666735,26400,0.2809848484848485,7418,11527,-17,1848.0,218.0,705.222027500674,172.02129954165542,316.0,120.0,457.11545653021756,341.78031639831744,117.81412962717594,0.643532575691854,18064950
20,96.62401013620526,4081.707633829585,3154.543554006969,93,4065,3136,101,4098,3178,3157,41.91143990600298,7.020654389716931,11088,0.2847222222222222,3160,5382,-2,738.0,292.0,362.7108013937282,180.90085524231867,142.0,127.0,121.49089195602689,90.29291915271753,36.126931609294516,0.5865849126718692,18064950
21,97.90094474663613,4176.377135222827,1479.5073957438688,94,4151,1448,101,4205,1511,10479,62.49091723584526,6.720064464854307,23814,0.4400352733686067,10481,13864,-8,1134.0,210.0,504.7634316251551,173.13045137894838,195.0,138.0,330.00197742530656,197.513700169453,137.00420389703334,0.7558424697057127,18064950
22,63.042722335790536,1617.7782939973984,299.8167833323009,55,1576,224,72,1670,364,48429,130.65568976182732,12.869186243699568,223720,0.21647148220990522,48429,95172,-9,4651.0,551.0,826.0731173470441,188.71690516013132,131.0,139.0,1216.643534151833,861.8262610856947,371.37886852364085,0.5088576472071618,18064950
23,73.36960550701615,1332.393698702674,3635.4138204924543,70,1304,3621,77,1361,3654,3777,49.66122533493657,6.188251491778944,13167,0.2868534973798132,3777,6730,1,1247.0,228.0,644.7111464124966,189.56341011384697,340.0,145.0,168.0147977751606,125.22658791464248,46.61765551306854,0.5612184249628529,18064950
24,99.43731587561375,4263.695253682487,943.8504091653028,97,4242,918,101,4290,971,3055,54.678181281088015,3.0379817724426257,10176,0.30021619496855345,3055,5161,0,1007.0,606.0,318.58396072013096,248.3214402618658,187.0,153.0,255.63073109761984,149.94664207286087,106.60702234972834,0.5919395465994962,18064950
25,96.57237268726114,932.9547455124932,4072.537410836242,89,844,3975,101,1038,4160,72479,173.67213014793407,10.696400120891967,430680,0.16828968143401132,72489,165336,-76,3650.0,1392.0,511.0012141447868,224.40226824321527,97.0,100.0,2767.927056004315,1513.8210882833584,1265.5472652755784,0.4383739778390671,18064950
26,95.39174124666353,371.6687078034228,3238.8257183231276,93,342,3213,99,401,3263,6369,63.14759006697759,5.647673965029328,17700,0.35983050847457626,6369,10434,-6,1387.0,196.0,636.825561312608,159.32155754435547,333.0,123.0,315.53741164193207,200.97571762411584,117.75131613934323,0.6104082806210466,18064950
27,37.92988313856427,2663.4445504412115,2419.2815406630098,34,2636,2396,43,2690,2444,8386,56.49288200332914,7.81626445071778,23328,0.35948216735253774,8386,11859,-7,1857.0,234.0,748.3430717863105,187.08955401860243,348.0,150.0,251.0571261320719,162.62698535028122,94.53953977814612,0.7071422548275571,18064950
28,54.888536701843755,1243.0937561450658,897.9354498890377,40,1163,797,65,1347,1046,213586,292.8942918065021,19.38163021281609,1145400,0.1864728479133927,213715,475260,-78,8386.0,2142.0,586.6516063786952,237.47429138613956,135.0,115.0,5028.833409817709,4308.135688126938,758.2624806614062,0.4494087446871186,18064950
29,78.79991412623444,340.88681837698584,2444.167625590382,73,317,2415,85,379,2472,11645,62.225515284301935,8.260196403081611,42408,0.27459441614789665,11645,18516,-8,6729.0,239.0,1000.8321167883212,179.82756547874624,335.0,137.0,348.4803788839879,197.01227985071878,158.29118349501735,0.6289155325124217,18064950
30,36.113877249198914,2736.9844712842,2311.1589844712844,34,2718,2292,40,2756,2330,4057,41.2838643901796,5.349124586306971,8664,0.4682594644506002,4057,5135,0,1914.0,221.0,786.6036480157752,175.8789746117821,369.0,138.0,150.0714052793656,86.64852964132865,66.28418902202031,0.7900681596884128,18064950
31,98.94667254297048,4247.263992948436,1439.0703687380637,94,4203,1402,101,4283,1476,6807,69.32318822183251,4.839546692220449,41440,0.164261583011583,6807,20778,-80,547.0,224.0,301.1229616571177,184.1373586014397,190.0,145.0,437.55253865310124,241.45628187128995,198.43837800042948,0.32760612185965926,18064950
32,92.13100871731008,1182.7713574097136,160.46251556662514,89,1162,141,97,1213,180,4015,54.08857264695253,6.149577617960852,15912,0.25232528908999496,4015,7368,1,1132.0,187.0,716.0719800747198,141.91780821917808,387.0,104.0,217.82552432255653,148.16954979319934,73.4377050172897,0.5449239956568946,18064950
33,74.03230240549829,1932.3062666512221,304.97179813892427,62,1854,205,89,2027,379,129495,206.34346068387987,18.828421176721875,812754,0.1593286529503392,129566,284589,-37,4083.0,2382.0,380.78641646395613,293.39471794277773,110.0,129.0,2694.5210573988393,2146.606660550395,583.365341249247,0.4550246144439876,18064950
34,61.453718073493434,2603.6485256595734,756.3305363390062,53,2562,720,72,2639,790,38017,74.08804795078288,15.741505105043158,102410,0.3712235133287765,38017,49252,0,3421.0,2951.0,501.6021779730121,360.42136412657493,129.0,153.0,502.07543477378715,286.8416916064801,240.01324146451705,0.7718874360432064,18064950
35,31.842074074074073,1823.1602962962963,2112.205925925926,29,1807,2094,36,1849,2136,3375,41.46508132665449,5.489278443177923,12348,0.27332361516034986,3375,5561,1,183.0,655.0,127.32118518518519,394.16118518518516,80.0,251.0,140.25960938026805,87.47425736264046,55.79856980030137,0.6069052328717857,18064950
36,63.70014261052316,761.4060647001426,3291.6292126397957,58,728,3261,69,792,3324,13323,70.73045609864488,8.165790109769517,44352,0.30039231601731603,13323,19857,1,2622.0,290.0,745.8898146063199,182.0899947459281,228.0,142.0,372.1362758235267,253.47387740195697,125.33041123325071,0.670947273001964,18064950
37,76.91147014691,2474.352165265031,3905.0679764106503,71,2433,3871,84,2520,3945,28657,85.84890132113283,10.9902425718358,83694,0.34240208378139414,28664,43781,-13,3359.0,225.0,863.1585650975329,177.9302090239732,384.0,132.0,606.8614482996453,374.5409644916697,244.39902698675482,0.6545533450583586,18064950
38,32.34868096037941,1873.1341764647761,2732.3402825807725,29,1841,2699,37,1903,2769,10121,74.35317595001669,7.215284946538349,34720,0.29150345622119817,10121,18725,1,1992.0,220.0,759.7802588677008,181.13595494516352,330.0,140.0,437.33753844240687,279.0227555356942,163.52081659268694,0.5405073431241656,18064950
39,70.53723316233659,3964.552540129075,1640.8321198080423,66,3926,1612,77,3992,1675,12086,62.96716876547164,8.962805269613169,45738,0.26424417333508243,12090,19632,-7,2618.0,477.0,724.7785867946384,201.33054774118816,190.0,145.0,348.3257239060241,202.25981103201963,154.09910070410504,0.6156275468622657,18064950
40,34.502335496410545,2239.3183171886267,1775.2425781372456,29,2196,1732,41,2283,1812,31899,92.25740287062148,10.190299615666326,83520,0.3819324712643678,31908,43567,-3,3280.0,303.0,803.20608796514,183.29414715194832,278.0,137.0,679.3769769201704,430.7635295344602,258.9976680114151,0.732182615282209,18064950
41,97.44574483456148,4303.438375957232,2040.6156624765208,93,4244,2007,101,4351,2098,13842,133.2980506415512,7.96256526039798,77896,0.1776984697545445,13847,34336,-17,8616.0,268.0,1141.4909695130762,141.0299812165872,285.0,98.0,1084.4629519497726,891.5886375181824,199.21455898419984,0.4031337371854613,18064950
42,32.440357142857145,1579.1067857142857,1393.305892857143,30,1557,1365,36,1603,1421,5600,59.588411750480724,6.096944623982776,15456,0.36231884057971014,5600,10128,-19,1514.0,228.0,731.8642857142858,184.54071428571427,420.0,142.0,286.8112252705125,179.39757743463707,111.1309212106667,0.5529225908372828,18064950
43,75.41346936078189,3711.7576777498502,2455.5371656188117,47,3564,2369,101,3808,2537,438833,251.10657415834518,31.657404353794774,2213568,0.19824690273802295,438972,821162,-641,7597.0,1617.0,591.6142336606408,240.20379734432004,168.0,149.0,4314.83013266348,3202.8351417980084,1212.214115907438,0.534404904269803,18064950
44,63.71010439970171,945.0246706437981,2944.6029704200846,58,911,2907,71,987,2987,16092,93.03918590824433,11.911731970880442,79040,0.20359311740890687,16092,45378,-4,3207.0,197.0,815.1679716629382,160.03765846383297,407.0,123.0,651.5978152440191,439.9089736507473,225.8777774478813,0.3546211820706069,18064950
45,54.52314269669028,1891.9490951250882,3543.8696762739805,45,1833,3482,64,1968,3595,55201,136.55113800077388,14.346199271076136,289845,0.19045006813986787,55217,115494,-23,3484.0,1924.0,584.5857321425336,261.57560551439286,156.0,144.0,1356.1486336555427,942.6013361415909,434.1286408664943,0.47795556479124457,18064950
46,76.56540897824291,554.8493527953732,2700.6893417791243,73,532,2684,80,576,2719,3631,43.59166821056961,5.332014800916077,10780,0.33682745825602967,3631,4983,0,1112.0,233.0,657.6876893417791,192.9385844120077,303.0,154.0,145.34366649712118,96.43319596087865,51.75350871996134,0.7286775035119406,18064950
47,68.94083550913838,538.4583289817232,2919.0444908616187,64,505,2887,77,572,2949,19150,64.3662797929358,10.216188017890582,54002,0.354616495685345,19166,24281,2,861.0,1383.0,289.5546736292428,379.3703394255875,103.0,153.0,385.9308384061094,212.3694235999693,183.9984645678292,0.7886825089576212,18064950
48,87.18552746294682,1874.585004359198,30.98314443475734,83,1843,0,93,1905,65,17205,77.14200537306586,8.148592874646818,40300,0.4269230769230769,17205,24709,-2,1029.0,1135.0,182.50531822144725,448.9117698343505,76.0,120.0,496.0193904584694,300.86442794074327,201.7949191014006,0.6963049900845846,18064950
49,52.6997705670272,2165.650242179249,3162.87144469937,48,2128,3105,59,2206,3205,27459,103.49167538013424,9.670121517846608,85800,0.32003496503496504,27459,44759,-10,1655.0,1799.0,319.2148657999199,446.79005062092574,81.0,124.0,799.1955920941061,540.2019061578502,268.34481095324793,0.6134855559775687,18064950
50,76.18393185222072,535.8236812023948,1438.8904255840887,64,432,1312,95,634,1541,265071,197.24423015824016,24.08629378943965,1433998,0.18484753814161525,265294,516355,-227,5938.0,1381.0,629.0554681575879,266.69160338173543,142.0,157.0,3008.936742055225,1974.2717939614006,1092.6799029449442,0.5133503113168266,18064950
51,82.86095181032269,4098.871137550287,2627.312933321921,77,4062,2583,90,4144,2664,23366,89.77596751386989,10.672418689729398,86346,0.27060894540569336,23371,40994,0,8863.0,231.0,967.512496790208,179.7911067362835,287.0,132.0,613.7324351975069,408.6812431870153,216.44124407938014,0.5699858515880373,18064950
52,98.00110231486121,4464.579166249123,1722.0684437318369,85,4412,1678,101,4522,1774,19958,107.54066302212723,8.584991533055733,168960,0.11812263257575757,19970,80901,-443,320.0,254.0,227.36536727126966,200.35639843671711,164.0,164.0,913.3584323921407,581.9348141430681,338.7938262113364,0.24669657977033657,18064950
53,90.94033275960987,4109.836106330083,2336.7154331612164,87,4088,2309,97,4139,2365,10458,59.394119280839334,7.7047159231616344,28560,0.36617647058823527,10459,14442,0,1958.0,1732.0,293.5150124306751,454.1007840887359,92.0,152.0,306.48233454049245,179.35120263015955,133.06739665599494,0.7241379310344828,18064950
54,59.00706671813296,2648.0939160901453,909.279491671368,53,2606,866,66,2692,956,33679,89.4106615460266,11.090748288109669,100620,0.3347147684356987,33725,50063,12,2235.0,467.0,691.564624840405,170.81932361412157,304.0,125.0,679.1801611068718,405.86355478441646,285.61707608147606,0.6727323572298903,18064950
55,39.403031346882536,2911.7930589045814,2373.5055976575954,34,2889,2348,46,2933,2400,11612,53.99873901967182,9.955849808411745,27456,0.42293123543123545,11612,14120,1,296.0,3559.0,150.28410265242852,687.6732690320358,109.0,246.0,239.23300984265182,150.749138056114,98.39576632730305,0.8223796033994334,18064950
56,52.544527595884006,2281.4867165575306,3555.9321796071094,48,2250,3530,58,2315,3588,10690,65.91056119346683,8.107369971419569,37700,0.28355437665782496,10690,18631,-5,1327.0,2123.0,366.2081384471469,344.1378858746492,122.0,153.0,369.5266004633302,220.49657623456062,155.60296901411718,0.573774891310182,18064950
57,70.16153640970926,563.1884769271805,2658.1025873566286,64,535,2628,78,599,2699,18745,69.47662850947471,11.283625945814142,63616,0.29465857645875254,18745,26287,-1,830.0,2743.0,168.55945585489465,602.5009335822887,120.0,206.0,378.93906813842426,247.71610617643017,143.9549834104991,0.7130901205919276,18064950
58,84.22687980241493,2370.6391671240394,138.42983328759604,75,2289,68,94,2444,193,58304,158.46806484818984,12.804820965796514,368125,0.15838098471986417,58306,163593,-39,3322.0,1519.0,633.1118791163557,211.30327250274425,96.0,92.0,2013.2271260928856,1263.8045508348102,765.8189192546855,0.35639666733906705,18064950
59,93.62173533380964,585.3086052234659,3611.746407874891,84,563,3578,101,621,3652,25194,75.11192151580349,14.33554754982491,72964,0.34529356943150047,25194,38870,-13,5641.0,316.0,871.1000635071842,200.91478129713423,186.0,153.0,406.91209020923066,292.36543386747576,135.097448697084,0.6481605351170568,18064950
60,95.77852123402064,4145.711799245806,3123.851776767051,87,4079,3037,101,4231,3199,95201,161.99979067215708,13.102069937481943,344736,0.27615624709922953,95227,174325,-92,3892.0,1774.0,484.69476160964695,224.08895914958876,88.0,111.0,2390.120711215601,1320.779820723469,1086.507314156799,0.5461121468521439,18064950
61,51.02944337935073,3000.3379511162093,2897.8957469337333,34,2893,2827,66,3102,2993,249326,210.60606071479123,21.378058969776475,1110208,0.2245759353202283,249579,424994,-91,6128.0,1524.0,569.4078756327058,248.5521887007372,109.0,122.0,3279.45758685443,2240.5967107558786,1084.5630166300753,0.586657693990974,18064950
62,38.36369853645192,1875.5653125427439,1978.3102174805088,35,1847,1948,44,1906,2012,7311,64.80207342686039,6.568343733229573,33984,0.2151306497175141,7311,15093,-1,4226.0,941.0,683.2555054028177,341.20626453289566,88.0,117.0,388.72738900283593,212.12259299090303,180.91910995171853,0.4843967402106937,18064950
63,69.73185786576211,3374.146999944392,1373.678613134627,63,3333,1337,78,3426,1410,35966,90.87783790284679,11.493735800630027,101835,0.3531791623705013,35968,53807,1,703.0,1507.0,186.85416782516822,423.1271756659067,121.0,176.0,697.4625419877841,419.54436922753905,291.1287690257135,0.6684260412214024,18064950
64,77.26008383422968,1673.9763721923441,204.262693767795,69,1631,140,85,1723,259,50576,126.47284999837515,11.712845126915159,175168,0.2887285348922178,50615,83057,-6,4279.0,1227.0,466.6507632078456,256.2787092692186,106.0,123.0,1182.6194148777654,806.6286263839302,389.70986259054524,0.6089312159119641,18064950
65,55.032726715202315,1711.272792317306,3449.728759460502,40,1633,3376,71,1790,3533,215237,154.52845559023268,21.284730154057435,764119,0.2816799477568285,215361,321049,21,5622.0,3966.0,432.0368012934579,360.32980853663634,125.0,168.0,2153.93536184146,1216.6041662416778,982.6351693728861,0.6704179112845703,18064950
66,69.00207027090974,592.1407192712646,2068.2381403052173,64,557,2024,76,649,2112,16906,88.63891419585407,11.157934287575136,97152,0.17401597496706192,16906,42630,-17,5682.0,194.0,976.6686383532474,141.2837454158287,446.0,103.0,681.129952575001,399.0678303692913,294.51207196229416,0.3965751817968567,18064950
67,96.0314315270152,1341.0188589162092,20.873159863133605,91,1269,0,101,1390,43,12567,124.26707085691724,10.78386626752491,52030,0.24153373054007304,12567,30863,-9,3724.0,1477.0,774.1211108458662,185.04917641441872,179.0,98.0,870.291477446725,777.9298335516977,103.99082106261349,0.407186598840035,18064950
68,97.08887933997937,1467.9658645582674,4414.790890340323,91,1404,4337,101,1531,4476,58180,153.27763203570166,9.001185994465915,176530,0.32957570951113124,58202,96623,-23,2528.0,2743.0,529.9084221381918,327.6287383980749,144.0,147.0,1817.0184681796509,1178.7526915889462,646.3679115214017,0.6021340674580586,18064950
69,39.46456408403448,3217.150054199143,1873.2401280132142,34,3169,1845,47,3261,1913,19373,86.61820664384427,9.561956548030953,81328,0.23820824316348613,19373,33193,1,4013.0,1072.0,952.3387704537242,182.58307954369482,212.0,120.0,565.8182000413594,379.707236761107,195.2540645828956,0.5836471545205314,18064950
70,81.14463840399003,2730.896976309227,3933.28569201995,75,2714,3909,87,2747,3960,6416,55.163922816874646,8.722205255601082,20196,0.3176866706278471,6416,8786,1,239.0,1369.0,159.1444825436409,446.5057668329177,123.0,244.0,195.14721715876618,155.9567622533469,46.798141357502786,0.7302526747097655,18064950
71,62.8856286142643,2145.399014778325,3708.87272435211,55,2095,3655,73,2199,3759,37352,110.53255214937491,13.758163607549093,194688,0.19185568704799474,37360,103548,-70,2171.0,296.0,631.1202077532662,188.9490522595845,266.0,139.0,1120.4766785331053,620.3366075253186,519.0687775929955,0.3607215977131379,18064950
72,25.768175819131233,1751.4948069088196,2126.0418890227807,21,1715,2082,32,1800,2158,17427,98.53761887125779,8.61007011891764,71060,0.24524345623416832,17427,28758,-4,4834.0,248.0,1460.6644287599702,157.12061743271934,395.0,111.0,626.8914370745979,489.1897820134969,145.11498580636885,0.6059878990194033,18064950
73,35.51859030782961,1760.2780924807626,1675.476435101838,21,1676,1561,53,1850,1766,326057,196.04323148882045,22.95825527224451,1141440,0.2856540860667227,326261,521824,-156,6270.0,3117.0,515.3105499958597,308.7291761869857,150.0,160.0,3193.6757334032036,1948.0015048862392,1298.3823770315187,0.6248409425400135,18064950
74,57.7052345066739,945.3533582595555,2540.3953873573682,49,872,2480,67,1027,2615,103238,155.83470466673984,14.22063033122771,376650,0.27409531395194475,103257,182014,0,2973.0,1982.0,420.5559193320289,321.7413839865166,120.0,144.0,1909.875744280133,1224.3340752793733,705.764301702503,0.567198127616557,18064950
75,78.13683116662779,999.9287001887473,3548.6205225542385,62,927,3473,94,1093,3617,188612,182.45047859488542,22.040488192213633,764928,0.24657484103078983,188687,354236,-114,5419.0,1881.0,493.90266791084343,252.83984051916102,138.0,139.0,2492.8356033209034,1688.698012962693,852.7159023333213,0.5324472950236565,18064950
76,99.12182061579652,4391.606693440428,2133.586345381526,97,4358,2091,101,4425,2181,7470,102.73291413523519,3.9014934573466844,24120,0.30970149253731344,7470,14706,-5,2454.0,193.0,782.4368139223561,146.1376171352075,387.0,105.0,704.0864965293401,528.4636648957662,177.14499675334582,0.5079559363525091,18064950
77,80.02559344841362,752.1631378650575,925.0136403776203,68,654,844,93,854,1021,190244,194.75128028023732,16.4384907664807,885000,0.21496497175141244,190365,368045,-79,3131.0,2741.0,425.7960408738252,318.40362902378,78.0,101.0,3189.619248501624,1909.9142574735613,1306.7273888960299,0.5169041829124156,18064950
78,44.18146984754529,1490.4557258523112,2119.9538709415365,36,1421,2033,55,1566,2197,73858,184.1842867539257,16.94165917317729,451820,0.16346775264485858,73860,229275,-95,8113.0,2520.0,563.4685206748084,312.56933575238975,103.0,115.0,2757.7159528373386,1710.5435651296216,1075.8743692617272,0.32213717151891835,18064950
79,65.54960696834502,3036.005523688124,3458.9441257701296,62,3007,3423,70,3065,3484,9414,62.295260309346695,6.97271012084601,28304,0.3326031656302996,9415,15703,-5,2426.0,250.0,841.1855746760144,166.20065859358402,355.0,127.0,372.97024014943645,196.46590717193072,181.36620162044056,0.5995032796280966,18064950
80,41.01316961253415,2997.2277550527538,1559.1586843972166,29,2921,1499,54,3079,1625,132502,163.86440939564838,18.12463662685041,497700,0.26622865179827204,132538,238183,-122,4361.0,2160.0,503.16355224826793,276.7569017826146,145.0,138.0,2083.4575985909364,1359.0023559720012,757.305487904472,0.5563033465864482,18064950
81,68.1454156978571,3551.0208006032803,2871.6906931439703,63,3521,2841,74,3587,2901,15913,63.80993405977982,9.473805168505043,43560,0.36531221303948574,15916,22101,1,178.0,1086.0,139.16282284924276,404.4104819958524,104.0,230.0,362.2423963247329,208.0730334542121,163.1446613076001,0.7200126691099951,18064950
82,37.77167252732592,3041.222171398077,2226.7831651371775,29,2965,2157,50,3126,2327,104937,202.37805636566853,15.703731625901497,574770,0.182572159298502,104951,239297,-59,5591.0,2112.0,514.8496431192049,297.50589401259805,95.0,120.0,2704.480657826257,2060.174244266202,668.9671322578887,0.4385220040368245,18064950
83,49.31934544724425,2575.3011745808653,973.2960546129907,45,2542,932,54,2605,1018,9961,96.19923039637999,8.361377186687017,48762,0.2042779213321849,9961,25769,-6,1264.0,319.0,642.4726433089047,156.08151791988757,336.0,92.0,638.6958727770785,466.21022786569245,179.4769077571911,0.3865497302960922,18064950
84,71.52570519717453,668.2864761191935,1862.6620667072086,65,626,1828,79,706,1899,21377,98.43556259919701,10.827641646024382,79520,0.26882545271629776,21377,36695,-2,7875.0,2727.0,1098.0562286569677,345.73073864433735,138.0,150.0,655.6668787651445,490.3398903917577,177.05077073485893,0.5825589317345687,18064950
85,65.49383378016086,3185.6407506702412,1292.4742627345845,62,3168,1273,70,3203,1310,3730,35.513208883279965,6.79354917802328,10360,0.36003861003861004,3730,5134,-2,267.0,1147.0,164.3970509383378,443.4764075067024,123.0,241.0,113.5414443435938,65.36701578108477,52.7896596059311,0.7265290222049084,18064950
86,63.950551358860814,3672.486107493271,2146.4553703221327,60,3624,2109,70,3725,2197,23034,109.14540401307704,7.294131335505011,88880,0.25915841584158417,23034,46456,-7,2948.0,2109.0,395.4328384127811,360.11430928193107,82.0,121.0,991.3926326716119,598.2961784558705,398.41688940970096,0.4958240055105907,18064950
87,39.283398719801774,2334.079289696469,1665.4462110262234,35,2310,1642,45,2359,1692,9686,50.44440624550811,7.8870720216523615,24500,0.3953469387755102,9686,12409,2,233.0,1294.0,157.65135246747883,446.89551930621514,118.0,228.0,244.1440565913923,130.34220132682947,120.022445772036,0.7805624949633331,18064950
88,63.98983779558335,1210.0883330076217,3224.135821770569,61,1177,3208,68,1249,3242,5117,81.39583388065151,6.379421288520538,17136,0.2986111111111111,5117,9287,-3,1721.0,2203.0,455.56791088528433,376.88802032440884,118.0,135.0,366.21141633336146,333.29893945515215,36.98217847585221,0.5509852481964036,18064950
89,51.97325174825175,1339.0872377622377,2910.79965034965,49,1318,2890,56,1360,2931,5720,42.05195599548068,6.607039062422383,12054,0.47453127592500416,5720,7194,1,3018.0,206.0,1083.6713286713286,165.65017482517482,390.0,133.0,171.52692782089616,90.60099841091096,85.29122592722273,0.7951070336391437,18064950
90,33.38447088290545,1761.4978083907326,2015.648090169067,30,1748,2001,38,1777,2030,3194,29.176754329678705,7.33049180883529,6728,0.47473246135552916,3194,3750,1,203.0,3052.0,135.37319974953036,850.5901690670006,101.0,266.0,84.29340982219853,45.25095516869131,44.41606566944734,0.8517333333333333,18064950
91,71.418614664953,2790.105567045284,673.4910651956915,56,2709,597,86,2886,735,153277,224.72578148230673,19.70262265730809,732780,0.20917192063102158,153283,289902,-76,9689.0,3901.0,673.4534600755495,311.59231326291615,145.0,149.0,2987.9774285545263,2544.493510120487,482.30325239166643,0.5287200502238688,18064950
92,81.55866593611465,3656.31569666911,3248.997120960913,60,3534,3106,101,3790,3356,702665,225.97651869027345,33.11256551657005,2624000,0.2677839176829268,703564,1129997,-463,5039.0,2799.0,473.3863064191329,270.7799121914426,122.0,136.0,4692.016367214497,2608.0914497232325,2193.569117000179,0.6218290845019943,18064950
93,33.92326139088729,1787.1181911613567,1493.1264131551902,30,1748,1468,38,1824,1522,8757,84.59270479839148,6.911905378437671,32832,0.26672149122807015,8757,19216,-7,1508.0,238.0,758.015302044079,189.35959803585703,361.0,154.0,528.6166641149462,360.185007053414,173.20910065757974,0.45571398834304744,18064950
94,37.774033234974375,2426.61003261376,2136.7640938033855,35,2404,2111,43,2452,2163,6439,61.9514964410242,7.238897571473005,19968,0.32246594551282054,6439,9900,0,2925.0,215.0,934.7187451467619,158.4902935238391,431.0,117.0,263.9617893100007,194.51947746662555,74.68247564840294,0.6504040404040404,18064950
95,73.79908203896775,3705.0534818687497,2619.1934101340466,60,3607,2569,88,3766,2675,131596,139.77396417186966,19.97268003743432,471912,0.27885707504789026,131604,207660,-100,7277.0,2498.0,509.31590625854886,313.6356652177878,138.0,156.0,1472.476915206696,996.7834504098415,515.5842595846273,0.6337089473177309,18064950
96,51.55149736196775,1079.1887865051647,2775.3579549676747,46,1027,2727,60,1124,2818,26914,111.5754554883401,11.048029435168887,123578,0.21778957419605433,26917,52587,-18,2909.0,1112.0,557.2172846845508,263.50457011220925,118.0,134.0,910.6517658961295,628.5570610915461,294.30060024461926,0.5117994941715633,18064950
97,63.55602632447169,2966.46166802688,893.521228012294,56,2921,832,74,3038,949,57589,105.26036261353697,15.10800905647403,246402,0.23371969383365396,57601,106852,-18,4007.0,2027.0,688.432165865009,219.94363506919726,138.0,112.0,1020.2276193391215,565.3997937591897,477.6530193449819,0.5389604312507019,18064950
98,57.61610352264558,1093.714354181644,3039.590222861251,54,1076,3014,62,1113,3056,4173,38.343627805071975,7.388508132265989,12432,0.3356660231660232,4173,5654,1,1064.0,2078.0,207.39851425832734,641.1229331416247,97.0,112.0,123.70993881691511,76.24119228372247,52.92775177524871,0.7380615493455961,18064950
99,73.8234146156101,3161.853013343177,714.6674899844746,56,3077,627,93,3283,802,368428,187.56492244954788,27.202523146537764,1333850,0.2762139670877535,368549,581188,-198,5470.0,3205.0,495.94038726698295,260.88963922394606,135.0,148.0,2989.9917078634667,1796.028869952142,1267.960564465117,0.633922242028397,18064950
100,74.80344308875146,2246.3640314223635,4051.185859936487,70,2213,4008,80,2288,4086,11966,87.95454485779904,8.231839930990647,58500,0.20454700854700855,11966,27805,-4,796.0,1437.0,187.84255390272438,429.88517466154104,76.0,114.0,651.158775614342,390.18825748960177,267.7468369896854,0.4303542528322244,18064950
101,83.00055865030087,3330.068682064133,678.7485115959842,75,3281,634,92,3388,725,62651,112.53649498774246,13.007430967309867,165529,0.37848956980347853,62654,89002,3,6949.0,466.0,857.4033135943561,190.14320601426954,257.0,142.0,1024.5687322223375,641.6827982247758,399.80526003449495,0.7039280016179412,18064950
102,90.5679927029283,174.5963376960873,2488.3284973023206,81,90,2416,101,238,2584,116211,163.65595378193188,16.926929055107475,497280,0.23369329150579152,116277,229340,-116,5967.0,1493.0,636.7745308103364,216.13151939145175,138.0,143.0,2021.2267009896682,1353.4896067755233,696.3891869378091,0.5067192814162379,18064950
103,34.93834728867623,2217.9752292663475,1086.9658592503988,30,2179,1058,41,2250,1121,20064,72.35309631568015,9.825510492997067,49203,0.40778001341381626,20065,26665,0,3711.0,2458.0,515.1522627591706,461.40340909090907,80.0,112.0,437.8302158881261,266.5755601457042,180.90872138722145,0.7524470279392462,18064950
104,58.45228056726715,1206.7309313913377,2951.4736489076276,54,1168,2925,64,1240,2982,10436,70.71556657561432,7.891942551476615,41040,0.2542884990253411,10436,16719,0,717.0,2612.0,242.6700843234956,505.8967037178996,120.0,130.0,348.4649580100928,253.1487056672974,101.54452806637612,0.6242000119624379,18064950
105,74.19758321762299,1231.7461252673847,3626.654069876534,67,1194,3593,82,1271,3662,26647,80.50825625831598,12.274285167452822,79695,0.33436225610138653,26649,37138,2,6105.0,1240.0,842.8980373025106,235.92592036627013,216.0,151.0,511.6648849724469,331.6118701063313,195.1188225033108,0.7175130594000754,18064950
106,50.276246719160106,2776.0730396981626,3252.3198818897636,45,2726,3211,58,2827,3296,24384,108.36608192179453,10.822567435288995,111605,0.21848483490883025,24384,56773,-31,4204.0,1012.0,692.0917814960629,219.5392060367454,133.0,131.0,866.8833096966202,593.016783848623,285.579322437135,0.4294999383509767,18064950
107,79.04966078697421,3839.908276797829,1493.332157394844,76,3819,1471,83,3865,1527,3685,59.000738663275484,5.593776651171035,18032,0.20435891748003548,3685,7961,1,1111.0,222.0,621.3728629579376,185.31560379918588,375.0,151.0,264.6548451421951,175.61887500176584,92.16500386274787,0.46288154754427835,18064950
108,35.87066002062564,1606.8625243497193,2351.2080980209203,20,1527,2271,51,1692,2467,244356,203.52387761943578,21.235973892853956,1002540,0.2437369082530373,244440,401687,-50,7331.0,2416.0,568.6947445530292,262.4411882663,137.0,142.0,3112.5378244743133,2093.6467674214523,1063.9877157706585,0.6083243918772576,18064950
109,43.697100496203745,1788.8081664374963,3184.608130567346,36,1727,3122,55,1863,3274,83635,140.13683759326247,14.811049524819813,392768,0.21293740834283853,83687,159071,-32,4524.0,2366.0,727.8884677467568,232.6186046511628,153.0,121.0,1582.0649489074817,992.8850219333541,611.1166457767941,0.5257715108347845,18064950
110,48.24316520544681,1809.5192691798247,828.6704581292181,36,1754,765,61,1873,891,142689,126.23359905198221,19.226851937585977,374850,0.380656262505002,142706,202031,-13,8839.0,2012.0,692.1340537813006,215.74438113659778,175.0,141.0,1501.8571033655448,815.2296682523229,723.5946186562073,0.706272799718855,18064950
111,32.14447539930568,2323.8005961617578,2194.511060749316,20,2209,2087,45,2430,2288,277106,223.2746459886945,18.841188051593868,1110525,0.2495270255059544,277257,556903,-228,5933.0,2229.0,605.3910994348734,250.22248164962144,131.0,115.0,4411.796811447974,2510.3278954286184,1936.9679527389076,0.4975839598637465,18064950
112,71.34647234183504,1344.1872805564756,3687.1053991387876,67,1309,3655,81,1383,3724,15095,73.31970855272887,8.941390795692495,71484,0.21116613507917856,15096,28334,-6,1235.0,457.0,611.2486253726399,193.20894335872805,231.0,150.0,457.50034516321944,272.78640658091985,192.70878551842904,0.5327521705371638,18064950
113,77.01196096946805,1742.7255272269438,200.68775574441298,74,1718,171,81,1789,233,3177,90.1129757392571,4.483332360869702,30814,0.10310248588304018,3177,9657,-1,1165.0,915.0,275.6742209631728,315.038715769594,98.0,129.0,453.4427230669329,407.02243328209795,48.4303166906371,0.32898415657036345,18064950
114,64.14135881598881,3217.5415452744437,3490.074466845356,59,3196,3470,71,3241,3510,8581,44.326394875308814,9.874044921129856,21600,0.3972685185185185,8581,10425,1,205.0,3786.0,160.72392495047197,749.0501107097075,123.0,242.0,172.72140780115402,103.1163022873147,79.35478182428835,0.8231175059952038,18064950
115,78.0977422907489,3503.7139317180618,3577.0239537444936,75,3487,3559,82,3521,3597,3632,40.69393211274585,6.0760234442275545,9044,0.4015922158337019,3632,4782,1,2040.0,227.0,822.8694933920705,187.82186123348018,311.0,151.0,127.1301411639821,84.64570858457853,46.17623866888386,0.7595148473442075,18064950
116,33.86840919333033,2538.47656602073,3049.5708277001654,30,2494,3017,42,2574,3083,13314,86.10410335009449,8.813884158952561,63360,0.21013257575757577,13315,27360,1,7757.0,2685.0,885.5365780381553,415.16291122127086,96.0,97.0,505.23927770826253,374.58005838455944,138.4276747204466,0.48662280701754385,18064950
117,50.99669997249977,2962.5483545696216,3078.1276010633424,45,2941,3056,57,2985,3101,10909,44.868645756901714,11.002018922824902,23760,0.4591329966329966,10909,12463,1,148.0,4336.0,106.67916399303327,982.9182326519388,70.0,261.0,192.7979030514323,106.71198962182656,98.19035546742545,0.8753109203241595,18064950
118,81.39922331958961,4043.0698532937004,1753.4533512321411,76,3991,1704,88,4073,1810,20858,108.33768295543207,9.065281478383476,104304,0.19997315539193128,20864,46506,-25,1179.0,208.0,473.1811774858567,163.8240003835459,233.0,115.0,805.7572241083565,590.9616438217021,223.01351311488665,0.4485012686535071,18064950
119,79.79278038027005,4029.3259851198677,2606.4249104436485,76,4010,2589,85,4047,2625,3629,35.501860127931444,6.910080623241506,11988,0.30271938605271936,3629,4827,1,3168.0,317.0,997.468724166437,173.0710939652797,257.0,135.0,109.69088554006325,65.4065643381453,49.05924262388772,0.7518127201160141,18064950
120,46.20082877073369,2650.6586149448062,1342.7653778525066,30,2553,1264,63,2732,1418,259903,167.7694470619212,23.622303616072454,909678,0.28570878926389337,259982,403681,-146,8764.0,3876.0,640.2400664863429,273.2158920828155,149.0,146.0,2412.053377006908,1435.2300297796344,1032.6246700402644,0.6438326302203968,18064950
121,43.534510965230176,2001.1319762264698,1060.6037606908405,36,1952,995,55,2091,1146,48289,151.2565078294476,14.813382707599242,398791,0.12108848996090685,48312,170298,-15,1577.0,1670.0,305.6754333285013,349.55509536333324,92.0,109.0,1969.4116883353086,1154.8983734000772,836.4569456594114,0.28355588439089124,18064950
122,58.62625430219594,3570.816278055165,1528.961995249406,53,3526,1497,64,3619,1561,20629,90.56844631950558,8.590556222979016,65472,0.3150812561094819,20635,31547,2,3103.0,240.0,784.1309806582966,190.2634640554559,336.0,148.0,595.6049118360683,413.8220562474663,189.16262121061828,0.6539132088629663,18064950
123,97.81594064145524,3276.369930930726,3979.0131983861042,93,3206,3934,101,3335,4040,29246,147.92106596549723,8.125646334928536,109392,0.2673504461020916,29248,53753,-17,3990.0,1205.0,577.9432059085003,306.46372153456883,114.0,131.0,1424.238590701466,1097.333394236466,333.5078093010338,0.5440812605808047,18064950
124,51.06448776198153,1493.098050710831,3335.315403781328,46,1476,3310,57,1512,3354,6823,43.73590992039329,9.536394440500773,17424,0.3915863177226814,6823,8257,1,11213.0,285.0,1866.1713322585374,189.49714201963945,331.0,144.0,150.43076914049016,100.18863177447852,59.33641925849304,0.8263291752452464,18064950
125,54.49902280130293,3264.4366992399564,3014.441910966341,51,3247,2997,59,3288,3034,4605,42.6718526056781,6.716238533735994,12136,0.3794495715227423,4605,6351,-4,4071.0,186.0,1230.2165038002172,149.37741585233442,403.0,114.0,156.30264274481422,93.29974324213785,67.51368550688039,0.7250826641473783,18064950
126,68.81880542077965,829.8741843734315,3290.9365902626737,64,810,3267,75,846,3317,5977,55.99662906181204,6.89328481296062,19800,0.30186868686868684,5977,8945,-9,644.0,1284.0,238.7990630751213,337.28341977580726,120.0,148.0,217.7287189153655,159.1569920899383,63.323464376686545,0.6681945220793739,18064950
127,48.54054054054054,1519.295006871278,3061.680027485112,46,1496,3034,52,1549,3094,4366,67.3863850908434,5.310669076007556,19080,0.22882599580712787,4366,10871,0,2023.0,184.0,894.5009161704077,142.54993128721944,447.0,106.0,382.7465858894662,228.45640508231523,157.11050141063726,0.4016189862938092,18064950
128,56.27726833976834,3618.18194980695,2034.063223938224,53,3591,2013,61,3643,2055,4144,54.59261850735911,6.387581430446083,17472,0.23717948717948717,4144,8529,-5,1165.0,184.0,750.3926158301158,147.83494208494207,486.0,112.0,231.74677990594,151.0577596010314,84.76913995796657,0.48587173173877357,18064950
129,98.6063188952178,1673.8627627750686,4729.046469696349,92,1588,4666,101,1766,4795,24403,162.02289067469573,6.478722261210747,206658,0.11808398416707798,24405,109640,-890,386.0,290.0,317.4553538499365,245.232143588903,257.0,219.0,1877.41364660246,1314.6695472361157,566.941483580135,0.2225738781466618,18064950
130,90.41962459391168,2982.771266995548,4074.0123330525807,85,2935,4021,97,3041,4106,16622,133.53537440018073,9.499071420599858,108120,0.15373658897521272,16622,38833,-5,588.0,2481.0,187.00733967031644,446.8611478763085,77.0,136.0,994.4368207608342,896.096428702505,107.36362784369484,0.4280380089099477,18064950
131,57.809063652413734,3204.469369952885,3212.698128976317,48,3121,3091,72,3287,3329,191446,247.40477755835317,17.43607930099463,948192,0.2019063649556208,191526,441485,-151,4148.0,2105.0,483.0632815519781,301.5864734703258,87.0,127.0,4229.695402701881,3075.657041004439,1184.4400478364992,0.43364100705573233,18064950
132,42.574533210896846,2960.149372513009,1451.4098561371288,40,2939,1437,46,2977,1471,3267,42.421894180004784,6.657846296395134,7752,0.4214396284829721,3267,4465,0,1828.0,210.0,854.4312825221916,174.90694827058462,304.0,137.0,123.20511419258608,92.1972011562973,35.440604766931024,0.7316909294512878,18064950
133,77.44601026088856,3310.0857930356947,3606.450030018557,59,3226,3518,97,3412,3702,366440,183.83211826079304,25.37174168582583,1300512,0.2817659506409783,366756,555030,-123,7456.0,2005.0,555.4029008841829,251.68210075319288,173.0,157.0,2969.709483667685,1721.8986490211232,1312.1833622637891,0.6602165648703674,18064950
134,85.94960224995918,1781.861993351044,4360.4561695780585,61,1649,4208,101,1942,4515,1078064,271.43929749255375,35.13326192260019,3598040,0.29962535158030484,1079429,1681805,-922,14748.0,4673.0,470.58261476127575,287.3496712625595,152.0,151.0,6623.254569067848,3745.681915828656,3001.0072625713947,0.6410160512068879,18064950
135,55.295953394401835,3318.565975559522,1610.8943920284028,48,3265,1552,64,3367,1668,50981,130.85263376040308,13.558711243512883,189312,0.26929618830290736,50998,104885,-43,2137.0,923.0,596.1640022753575,205.35581883446775,156.0,149.0,1318.7825560659487,865.312520630957,471.85390049348797,0.48606569099489916,18064950
136,55.01971614834356,1696.5125944903862,741.346424585257,41,1593,665,70,1769,818,157688,205.47890575129668,19.01085105281108,780912,0.2019280021308419,157691,301453,-79,10077.0,1504.0,632.4907221855816,238.59378646441073,144.0,141.0,2630.736385597616,2129.149658325122,537.7279730477109,0.523093152166341,18064950
137,32.91504247876062,2957.8755622188905,2284.245127436282,30,2934,2268,38,2974,2303,4002,40.41492152063343,6.768917208150134,11200,0.35732142857142857,4002,5768,1,2784.0,280.0,1153.2813593203398,171.3710644677661,263.0,125.0,139.5265978397347,83.9592060844875,60.1492157723263,0.6938280166435506,18064950
138,65.81628892741416,3650.9009739228304,1676.8942209071188,56,3585,1611,75,3725,1743,110173,153.10609667392407,15.703186112759944,351120,0.31377591706539076,110288,185536,-136,2593.0,2785.0,400.44716945168057,307.8733083423343,127.0,162.0,1904.422810147375,1184.403344640848,744.6784709157247,0.5938092876854087,18064950
139,34.816608283535956,1557.5701627859057,1215.5025757263547,32,1539,1193,39,1576,1239,4853,46.59392668838663,6.751996978707061,11914,0.40733590733590735,4853,6455,1,2747.0,203.0,1182.4860910776838,167.269730063878,468.0,125.0,162.28375757295956,110.82917337216087,56.01353052084562,0.7518202943454686,18064950
140,54.93321161219646,2111.9554865802447,3536.153222567099,49,2059,3476,62,2174,3605,27385,186.3769787953459,9.824660332757224,192855,0.14199787405045242,27385,70741,-22,6914.0,645.0,930.601168522914,211.47997078692714,153.0,134.0,1961.5151813348698,1741.645108776743,229.52246762353215,0.3871163822959811,18064950
141,58.415440180586906,980.1545221971407,3141.7352595936795,52,942,3104,66,1029,3187,33225,87.5078949908667,12.000560566830176,101094,0.32865451955605673,33227,49932,-1,780.0,2549.0,181.0224228743416,558.5158164033107,77.0,145.0,670.9207029433167,390.0822569825357,295.2397913525969,0.6654049507329969,18064950
142,37.828054259935286,2886.967921368859,2506.0293562246443,13,2796,2407,60,2985,2599,467601,180.0971174457476,32.74832139382795,1705536,0.27416659630755374,467941,708073,-419,6708.0,2375.0,501.6947696861213,276.40421855385256,158.0,153.0,2943.3485251922993,1675.3712133190427,1375.2225672846016,0.6603852992558676,18064950
143,52.37969182141446,2265.004346108258,3497.931845120506,49,2246,3473,57,2284,3522,5062,49.02305132620959,6.505195516570692,14896,0.33982277121374865,5062,7598,1,1707.0,225.0,849.5823785065191,183.196562623469,378.0,141.0,182.63276306425013,122.27885650204955,64.58566343308172,0.6662279547249276,18064950
144,49.50933132479705,1286.0484140932297,2636.9487823248805,42,1258,2606,57,1314,2668,23898,66.14293232689856,12.76832383064758,52080,0.4588709677419355,23898,29872,2,466.0,3268.0,156.95832287220688,649.6157837475939,116.0,223.0,375.76876955886615,226.89587951224823,165.17589939104622,0.8000133904659882,18064950
145,41.02788844621514,1189.8115957223736,2164.0427762633676,37,1165,2137,46,1221,2192,9538,53.534424980228806,7.538895187605432,27720,0.3440836940836941,9538,12858,1,6597.0,205.0,1562.3519605787376,152.65202348500733,422.0,92.0,262.6597801714318,146.1384799306723,122.20479430572954,0.7417949914450148,18064950
146,60.27303139475038,3668.0108080288214,1881.7518013381368,56,3642,1854,66,3693,1917,7772,65.44834558725684,8.267560709996975,32130,0.24189231248054777,7772,14972,0,1014.0,1037.0,380.5295934122491,323.72529593412247,125.0,140.0,318.6539036843611,217.59192501012438,107.89723468358531,0.5191023243387657,18064950
147,41.04722466960352,1266.5118942731278,1746.913832599119,37,1248,1731,46,1288,1764,5675,40.46236803387798,8.763353651647424,11880,0.47769360269360267,5675,6531,1,4564.0,233.0,1639.7740969162996,189.63947136563877,400.0,151.0,129.36584772974697,85.69997970664164,51.345504745489556,0.8689327821160618,18064950
148,56.05094873676486,1130.2674284516197,2871.071286298354,52,1101,2844,61,1155,2900,9539,66.73650297127568,7.8885776456930135,27216,0.3504923574368019,9539,14138,-3,195.0,1313.0,136.03836880176118,496.71370164587483,101.0,242.0,314.9731753029697,225.79952430536076,95.3966167248217,0.674706464846513,18064950
149,94.79910020449898,1083.3339877300614,225.26920245398773,87,1027,164,101,1138,285,36675,157.30903371807267,10.755361930510526,188034,0.1950445132263314,36678,75657,-40,2689.0,1834.0,510.9532651670075,264.212978868439,101.0,99.0,1486.4462640549573,1243.0904949784997,254.9235501020851,0.4847535588246957,18064950
150,74.10120679677578,2291.567595895352,3847.273661769084,49,2142,3697,101,2419,3995,896837,262.7461391763114,37.198693342221745,4292392,0.20893641587254846,898098,1637854,-743,7560.0,3575.0,482.1453530574675,269.65848086107064,137.0,129.0,5933.43526416596,3520.9638219213116,2550.8457208815134,0.5475683424774125,18064950
151,50.5184769281892,3338.5903908514856,2169.8207422855244,40,3278,2098,62,3416,2234,87271,137.43549712602533,17.176483904815115,412896,0.21136315198015965,87296,176318,-86,5305.0,1230.0,662.7287300477822,206.87133182844244,127.0,109.0,1695.922599887354,959.1773734805041,766.2483863400871,0.4949636452319105,18064950
152,93.71348039215687,1422.0825980392158,10.282598039215687,87,1399,0,101,1454,28,8160,46.352921931565,12.331099600692284,21560,0.3784786641929499,8160,9763,1,6062.0,203.0,1536.3199754901962,141.31004901960785,430.0,101.0,153.30121567600796,115.03246944779764,53.47434796442966,0.8358086653692512,18064950
153,77.67285560840878,1183.189504373178,550.5942918520792,73,1164,531,83,1204,570,6517,41.105743459929386,8.69241651636351,15600,0.41775641025641025,6517,7837,1,189.0,2247.0,149.34831977903943,550.8431793770139,116.0,226.0,148.22068274258967,88.26201251437384,67.51448071761075,0.8315682021181574,18064950
154,49.152323732108144,2103.5333097720445,1098.0245626435767,41,2078,1075,56,2125,1115,5659,49.991502491176455,14.255309173647104,28200,0.20067375886524821,5661,10796,-1,2259.0,740.0,352.453083583672,284.5859692525181,99.0,124.0,155.62738963038578,135.11820804807846,40.83056554593405,0.5241756206002223,18064950
155,50.09631213132745,1342.104394348164,2545.0831313731765,42,1279,2480,59,1406,2601,87476,139.91135617384577,12.834541188193601,261239,0.3348504626032101,87501,132241,-23,6375.0,890.0,856.1272348987151,201.47906854451506,186.0,143.0,1632.7254966783441,986.9956516958085,662.2023897336794,0.6614892506862471,18064950
156,52.56448615043564,3416.693390589007,1913.5815912201265,40,3330,1818,67,3521,1998,265243,197.5557209673793,20.48396806097374,928260,0.28574214121043673,265680,446595,-87,4823.0,2484.0,515.2078245231731,297.96382939417816,144.0,140.0,3165.6814121929665,1972.392791723201,1235.2479152220646,0.5939229055408144,18064950
157,60.6008987736129,2523.6843042231235,3548.774904806646,49,2434,3477,73,2626,3626,161776,203.1417444475665,15.627049559534761,686592,0.2356217375093214,161819,279157,-28,8738.0,2701.0,737.8465347146672,229.64862525961823,149.0,152.0,2850.014731321369,2075.5386507568287,798.8965483581557,0.5795161862321203,18064950
158,47.40894913627639,2215.1698656429944,2932.592850287908,41,2181,2903,53,2248,2970,8336,89.55782740643613,10.851795516298179,53868,0.15474864483552386,8338,22066,-7,780.0,1259.0,273.57809500959695,359.7545585412668,116.0,137.0,493.2825716797637,406.9182957844276,98.14042248809103,0.3777757636182362,18064950
159,76.14805624483044,1350.588916459884,212.79321753515302,73,1331,194,81,1372,233,3627,55.6439925285698,5.947531110184715,12792,0.28353658536585363,3627,5305,1,2703.0,195.0,1037.2379376895506,160.19409980700303,358.0,116.0,182.71672592607484,156.58135154130733,29.67268701542902,0.6836946277097078,18064950
160,58.482430069325886,1436.3825607033502,3438.53882387907,42,1357,3357,74,1569,3533,289358,182.76713242341177,22.340495173214627,1193984,0.24234663111063465,289439,511157,-46,9848.0,5151.0,594.8317620387202,315.5978027218878,126.0,150.0,3110.3290395818367,1695.146120943068,1465.0926910972114,0.5660843928577717,18064950
161,34.09186148412396,2354.693088369376,1809.1026786109464,19,2285,1718,51,2446,1902,225938,179.47134855962233,20.01387079203172,947968,0.23833926883607887,226086,387516,-159,5287.0,2642.0,444.94105905159824,306.6494525046694,130.0,140.0,2686.364622812756,1630.5259988944792,1095.8941263262907,0.5830417324704013,18064950
162,43.639375844855294,1112.037136379602,1726.7120520271205,33,1023,1655,58,1192,1816,93951,155.95957462661138,18.442097767577557,680225,0.13811753463927376,93973,276182,-124,4872.0,1721.0,622.1106534257219,243.99693457227704,159.0,134.0,2166.3369733181516,1233.174994389123,967.1730759359176,0.34017785373413184,18064950
163,42.53260895522388,2601.417480597015,1666.3896597014925,36,2554,1626,51,2653,1713,41875,108.28108569551895,11.049336374241976,129195,0.32412245055923217,41893,58209,13,3401.0,996.0,573.3942686567165,239.60802388059702,131.0,148.0,848.7030769250488,592.3440676855732,268.5677926705902,0.7193904722637393,18064950
164,64.84925846996912,661.8793980776758,1977.9612055843083,60,626,1932,71,712,2025,22993,114.96450581422653,9.51858739224277,87978,0.2613494282661574,22993,43672,-9,5946.0,223.0,1289.7787587526639,161.3243595877006,513.0,102.0,897.6623831383143,665.3720551526544,241.35067858003623,0.5264929474262685,18064950
165,97.88106526409364,549.8650455589303,3856.3065227053858,90,491,3790,101,616,3923,53996,130.87452663691613,7.945818156959085,182875,0.2952617908407382,54007,78285,-3,1961.0,1584.0,362.7123120231128,315.06207867249424,129.0,141.0,1565.5253146034336,859.5638874310164,712.2750297907633,0.6897362202209875,18064950
166,51.89845237726018,1219.1491858698012,1488.5527401296406,43,1140,1404,64,1331,1590,161215,189.33504518163167,16.74140630553219,746046,0.21609257338019372,161238,344903,-121,7705.0,2038.0,794.7802871941196,241.7952175666036,123.0,139.0,3111.2058099664855,1806.4017009508702,1332.8315775243066,0.4674212749671647,18064950
167,74.75486448922864,3982.5307505211954,2753.1698227936067,71,3929,2720,80,4027,2792,11512,107.88447431785829,7.213382221334508,63504,0.18127991937515747,11512,31241,-17,940.0,1143.0,360.0253648366921,285.5920778318277,103.0,138.0,757.4862935065057,584.5546340955846,178.13494771802763,0.36849012515604496,18064950
168,41.87992495309568,1571.839774859287,1172.765478424015,37,1555,1155,48,1589,1192,5330,35.05112348344482,9.69713204143057,13838,0.3851712675242087,5330,6208,1,12525.0,290.0,2660.003377110694,170.13846153846154,476.0,123.0,109.04484205823991,66.1307813640318,52.31749767710205,0.8585695876288659,18064950
169,85.56974628947555,3880.5865039113974,3494.660135886508,75,3802,3423,96,3959,3566,155571,165.15639078041875,16.726466025650183,471471,0.3299693936636612,155718,242357,14,7073.0,1935.0,655.794820371406,245.21850473417283,135.0,150.0,2091.695539209035,1377.8204040660808,741.8526017136771,0.6419084243492038,18064950
170,93.93047149799052,4413.5525987624615,2688.0697826514224,76,4301,2572,101,4516,2799,295102,198.88332212143862,20.219776904302623,1220125,0.24186210429259297,295699,569651,-1503,7974.0,3420.0,398.6451701445602,259.40137986187824,186.0,174.0,3476.2682344913087,1998.1707598059843,1518.9814124913014,0.5180399929079383,18064950
171,95.20191398005967,3312.859071392184,352.3695145913689,89,3279,318,101,3348,387,27482,70.59982424942916,11.347608344523328,57132,0.48102639501505284,27482,32795,1,3326.0,2165.0,491.11323775562187,449.8920020376974,105.0,139.0,476.39509270527594,255.65516995954908,233.6167442597964,0.8379935965848453,18064950
172,67.88445647985614,2874.193159438284,3541.7603127542066,55,2802,3470,83,2966,3600,186856,184.68754770293623,21.375836648870397,596960,0.31301259715893864,186880,271563,-39,14751.0,2882.0,745.768436657105,385.6110106178019,116.0,158.0,2246.754693131801,1728.320833448177,564.1264989275433,0.6880760633812412,18064950
173,83.77469013189258,4061.772902431273,2048.514063244875,71,3972,1953,99,4181,2165,151032,283.7983679698896,18.9829514403948,1240624,0.12173873792543108,151056,529528,-79,3772.0,2048.0,530.9358281688649,227.12384792626727,82.0,105.0,5361.380888249255,4045.0933053880635,1352.32282740003,0.28522004502122644,18064950
174,95.93348848735603,3530.228701339281,627.9822650332396,88,3472,548,101,3589,696,92811,139.64616433560715,11.997625274245003,225108,0.41229543152620074,92851,120608,4,7200.0,386.0,687.5582743424809,194.86141728889893,235.0,148.0,1627.8411834016065,982.2497112934302,659.9857733302965,0.7695260679225259,18064950
175,48.51936768228903,2637.6730269595437,1097.5955731011911,41,2593,1053,59,2688,1141,59274,97.71340738276132,15.335752466125927,150480,0.39389952153110047,59310,76212,-1,7421.0,2927.0,931.790667071566,277.2576171677295,115.0,122.0,831.9824644060286,489.15476430258803,366.3462304736693,0.7777515351913085,18064950
176,91.40846242931694,850.6521529840497,3703.0978363975637,72,771,3611,101,945,3789,353161,198.07945614366025,25.510995956836798,898188,0.39319273915928515,353514,528151,-608,4707.0,2790.0,462.50837153592835,276.60406443520094,140.0,155.0,3178.163136187074,1994.3140930438985,1248.93013461415,0.6686742995847779,18064950
177,61.284435582397826,748.1648913118646,1440.8815841036399,44,571,1246,82,913,1606,867620,421.9212308026028,26.511102093500135,4678560,0.18544594918094456,868185,1697004,-579,11021.0,5519.0,628.2205285724165,325.5682407044559,146.0,142.0,11109.406884431563,8936.018176809763,2243.6725610429985,0.5112657365568968,18064950
178,36.93970488466757,1680.6841926729987,2022.2282903663502,32,1654,1994,42,1715,2053,11792,73.06978231454544,7.996132427901695,35990,0.32764656849124757,11794,18825,-1,1800.0,1463.0,361.60888738127545,411.7556818181818,107.0,136.0,412.08527665619687,270.1565610649799,148.3225289716711,0.6264010624169987,18064950
179,72.79334197451412,708.8506172056183,3176.662666343809,47,598,3054,101,814,3274,772271,198.67974978466032,41.39446936035375,2566080,0.30095359458785387,772897,1081423,-567,5606.0,2669.0,485.6689076761914,228.10641860176025,114.0,120.0,3813.961421882984,2059.357253406025,1925.9543778394855,0.7141248151740808,18064950
180,85.55482002482417,260.13384360777826,2542.496896979727,82,239,2522,91,280,2566,4834,47.99464374229752,7.228256318798178,16236,0.29773343187977336,4834,7370,2,3058.0,282.0,907.2174182871328,181.27658254033926,206.0,148.0,168.8805467115077,117.78667586801521,56.31863978451706,0.6559023066485753,18064950
181,99.12809508088478,459.633212281281,3483.5959062396832,96,436,3461,101,478,3508,3029,46.022572957347634,4.3293244922936305,9870,0.3068895643363728,3029,4523,0,2979.0,230.0,662.1337074942226,187.7259821723341,230.0,148.0,176.30457318694107,106.84101360869795,71.33786463420047,0.6696882600044218,18064950
182,56.655592338614326,2769.049046267833,1203.2162646803815,49,2701,1149,65,2830,1257,50748,124.22912431170846,12.847803010124869,222912,0.22765934539190352,50768,98610,-31,4261.0,1100.0,702.8884093954441,189.30980531252465,113.0,119.0,1351.7691394029566,779.8970684720443,588.3786751496096,0.5146334043200487,18064950
183,86.36299810525388,1467.3299648957889,105.77747749070987,79,1381,51,96,1534,168,68083,143.8764078689656,13.205207876159834,304317,0.22372394575393423,68092,145132,-37,3268.0,2030.0,545.7875974912973,271.62561873007945,113.0,106.0,1502.4870638714629,1043.7399128164768,476.1849025602454,0.46911087837279164,18064950
184,76.55735081694965,2307.243579874236,333.0707965367217,66,2244,258,89,2375,395,115613,140.46245333918841,17.948256602348188,412781,0.2800831433617342,115692,190409,-27,3731.0,2755.0,580.6615173034174,235.18144153339156,160.0,134.0,1570.455432891661,1002.592035656371,600.0773887416636,0.6071824336034536,18064950
185,51.14207492795389,1526.3791546589819,783.9175792507205,43,1507,762,58,1548,808,10410,45.88783435069297,11.411653056131192,28290,0.3679745493107105,10410,13120,2,6640.0,245.0,1331.9690682036503,190.25571565802113,256.0,144.0,180.62901907595707,111.79595834350731,81.8556432798006,0.7934451219512195,18064950
186,55.22319360879345,1556.8502698090838,699.7082959367971,43,1511,629,68,1622,765,90249,140.3440340562646,17.45333686112577,377400,0.2391335453100159,90269,171559,-41,7557.0,2109.0,496.43689126749325,289.5130472359805,135.0,149.0,1371.0398746313886,1000.0533431386946,401.44842825148714,0.526052261904068,18064950
187,62.23652410988655,1671.045920842864,3646.73075945565,52,1621,3595,74,1726,3695,86562,106.03751030705833,17.347331493044177,231000,0.37472727272727274,86562,113515,-12,6813.0,2918.0,821.2251334303736,325.31763360365983,189.0,160.0,1009.2687577312339,577.2441751024531,462.117573621737,0.7625600140950535,18064950
188,38.063623587281135,2001.8907009427885,2816.6846050243016,32,1945,2766,46,2047,2873,34154,123.72769318527041,11.6001978577658,152796,0.22352679389512814,34168,72468,-21,1690.0,1358.0,545.2028166539791,233.78450547520058,140.0,130.0,1112.830776686877,772.1553325643863,354.13190315642214,0.471297676215709,18064950
189,40.489385902676894,2071.082153676363,1232.5439260335372,32,1960,1117,52,2150,1333,88797,220.48521764050884,15.126332830260964,820800,0.10818347953216374,88804,374773,-126,2258.0,1481.0,417.00077705327885,277.22637026025654,112.0,108.0,3795.8914240033164,2442.1268571437186,1376.645161348781,0.23693542491054584,18064950
190,40.9410480349345,1985.6397379912664,1293.723331253899,37,1969,1271,47,2016,1314,3206,50.94114189910955,8.869029368146789,20210,0.1586343394359228,3206,9858,-5,1093.0,1101.0,456.2735495945103,296.5386774797255,112.0,133.0,191.48821062596875,133.68298099591325,65.67119782336052,0.32521809697707443,18064950
191,46.58881922675026,1590.373171368861,3179.3663793103447,43,1570,3158,53,1613,3201,7656,43.81853712563092,8.230099954809857,18490,0.41406165494862085,7656,9351,1,432.0,2996.0,126.45924764890282,709.6654911180773,82.0,217.0,188.69709697382058,99.38993705482282,96.08061444561388,0.8187359640680141,18064950
192,80.4007835878703,3839.3977748061416,1317.8196239430533,59,3707,1190,101,3982,1444,735846,241.0358065553639,34.98238184380918,2933700,0.2508252377543716,736969,1201601,-486,4260.0,4239.0,414.6755747805927,295.70091975766667,124.0,138.0,4807.54579850246,2966.1013540630443,1963.8211483860223,0.6123879723801827,18064950
193,66.39718804920913,2865.2761423550087,3697.5079086115993,61,2842,3681,71,2890,3717,4552,42.21468429388231,7.378482751785023,17280,0.26342592592592595,4552,7072,0,1993.0,365.0,878.7025483304042,192.74934094903338,140.0,154.0,142.91399108085696,91.82607888752712,56.53211296516875,0.6436651583710408,18064950
194,74.42868379653906,1165.6879916098585,680.0057682223387,72,1148,660,78,1185,700,3814,39.50167211870195,5.781584020565582,8880,0.4295045045045045,3814,5140,1,2031.0,210.0,688.6814368117462,174.55453592029366,293.0,141.0,137.76198499956598,79.69044069801468,61.41421568023723,0.742023346303502,18064950
195,76.94819239067516,3478.6657896121665,3496.3973056885757,69,3430,3459,86,3519,3537,38006,82.67113698339107,12.985390501018777,118014,0.32204653685156,38007,51588,-2,8225.0,2110.0,385.43985160237855,453.4978687575646,120.0,164.0,613.8854194648752,350.15686282952794,280.59059328174214,0.7367217182290455,18064950
196,82.07271263751007,1964.369466058492,4242.80587603971,78,1948,4209,88,1992,4280,7454,79.46647240673387,6.427900942409456,31240,0.23860435339308578,7454,11773,0,978.0,2486.0,185.30077810571504,559.1549503622216,92.0,151.0,378.1180570971311,317.81190736478123,64.4379407848927,0.6331436337382146,18064950
197,99.19038553069967,947.2234650166587,4278.5718705378395,94,919,4254,101,979,4309,4202,59.364753928035654,4.229037126403797,23100,0.1819047619047619,4202,10569,-18,682.0,355.0,298.8379343169919,208.7294145644931,171.0,154.0,289.52785958910124,177.10293819763632,114.21339689311509,0.3975778219320655,18064950
198,36.22370306678131,2320.6721123531097,3049.0163370593295,32,2286,3026,42,2360,3071,6978,91.91546456565031,7.163174173224178,33300,0.20954954954954955,6978,16857,1,812.0,1427.0,211.54628833476642,516.0260819719117,80.0,99.0,512.9210805159049,424.98818452776317,93.06400241173634,0.4139526606157679,18064950
199,41.02337777631644,2383.184695940947,1294.837465270357,32,2310,1230,51,2471,1357,121654,144.11866519936373,15.774434967901753,388493,0.3131433513602562,121689,188146,5,7084.0,1750.0,691.2322899370346,231.64009403718742,120.0,133.0,1750.7149663596576,1050.9511228701429,724.6471233451709,0.6465936028403474,18064950
200,48.53974963420582,2190.9500894163552,3568.706470492603,42,2167,3542,55,2216,3595,12302,52.54747664427758,10.550243436007168,33761,0.3643849412043482,12302,15804,-1,932.0,2034.0,237.556576166477,505.4697610144692,132.0,182.0,242.68762437261063,143.62724691199548,110.19114111651638,0.7784105289800051,18064950
201,85.2731514915838,839.1278817843453,760.6684628631742,80,807,729,92,874,801,18001,76.43745018512618,9.034410247036796,57888,0.3109625483692648,18002,28308,-6,2541.0,223.0,639.603688683962,182.91717126826288,283.0,142.0,492.3136672366386,296.2152179657705,204.26050612204446,0.6358979793697894,18064950
202,51.16150289017341,968.7592052023122,2281.314985549133,44,909,2230,60,1048,2337,69200,139.42823105587973,12.498934498547142,237968,0.2907954010623277,69221,122291,2,6910.0,2258.0,746.0796098265896,294.52627167630055,121.0,113.0,1546.1937586982463,979.822748948538,581.9933461096055,0.5658633914188289,18064950
203,53.75331896551724,1253.1126293103448,2374.661271551724,47,1201,2319,63,1303,2429,46400,101.78371428309596,12.51468220753973,179520,0.25846702317290554,46415,77273,-5,5528.0,953.0,772.2863146551724,215.71381465517243,136.0,128.0,923.3089013993244,525.8270882009311,413.14354027396445,0.6004684689348155,18064950
204,33.0248980057219,2646.9224528952222,1926.6001902932114,9,2538,1803,58,2750,2063,763033,213.81336938014354,37.749475238169644,2700880,0.282512736589556,763583,1184723,-942,6513.0,2150.0,525.6244448143134,249.55328537559976,137.0,123.0,4187.315104473437,2357.0589903223445,1972.7584022268106,0.6440602571233951,18064950
205,45.944547748705006,2358.736817638465,3410.7245982202153,42,2330,3380,52,2392,3446,15058,69.75831767165198,8.379250865133239,40920,0.3679863147605083,15058,21334,-1,1136.0,1700.0,347.75315446938504,440.1514809403639,120.0,160.0,406.4488721174347,246.82173647199747,166.64832015152083,0.7058216930720915,18064950
206,86.16923448404786,150.99726601445664,1882.406288945663,75,0,1803,101,275,1984,128384,418.1349300044777,16.541039433119675,1294150,0.09920333809836572,128393,540250,-139,5474.0,2465.0,797.0380265453639,278.7903243394816,143.0,125.0,9551.942228803744,8755.521283768876,823.7815435876701,0.23763813049514113,18064950
207,49.540827519634945,1264.5793514983984,2213.9778860076344,44,1223,2181,56,1301,2246,22791,78.95159601202035,9.703855066976429,60840,0.37460552268244574,22791,30414,-2,5288.0,1906.0,678.9945592558466,351.8983809398447,99.0,123.0,509.8877344528098,316.3759658003075,202.92824896859074,0.7493588478989939,18064950
208,72.02065734365017,2570.383758074821,3988.0919997160504,67,2540,3953,79,2606,4029,14087,86.25049711055497,9.488089759707677,60192,0.23403442317916,14087,27144,-7,5788.0,227.0,1261.8001703698446,153.66075104706468,449.0,89.0,521.1969094974816,376.4586049553061,153.74068927100242,0.5189728853521957,18064950
209,81.9869404987656,395.18376328312286,3025.2205803427673,75,366,2964,89,435,3075,27949,120.80129867611669,10.962666190562825,107226,0.2606550650028911,27958,54113,-1,4186.0,1302.0,771.1834054885685,241.0193209059358,79.0,95.0,938.4251292127194,735.6566905921029,214.78644362118743,0.5164932640955039,18064950
210,43.62026104929358,2418.661088932303,2820.264673405249,37,2382,2783,52,2462,2860,35319,87.51503585650265,11.793966476234628,92400,0.3822402597402597,35322,47688,5,4433.0,2190.0,386.30349103881764,432.1283445171154,112.0,164.0,654.9755803421513,389.89895731037444,278.98638755603145,0.7406265727226975,18064950
211,98.46366759322389,152.73972045943253,3201.69167934127,92,27,3103,101,301,3290,76268,291.89392580639293,6.152667328988803,461142,0.16538940283036463,76268,175645,-96,4575.0,2618.0,368.5222242618136,317.9724917396549,103.0,118.0,5162.9867558377555,4261.995961896461,904.7763254674148,0.4342167440006832,18064950
212,77.13121434392828,2905.9622138252944,452.2565014447655,73,2878,423,83,2935,483,13497,60.49163034526454,7.909514533776896,34200,0.3946491228070175,13497,17097,0,3222.0,225.0,920.0483070311922,177.29710305993925,297.0,135.0,341.0349293102934,186.08988809940786,161.20108322688836,0.7894367432882962,18064950
213,55.318393609940095,2511.291768360328,803.2897714666075,52,2485,784,59,2534,825,4507,52.67566933406488,5.904450508218575,14063,0.3204863827063927,4507,7427,1,1098.0,215.0,615.0614599511871,176.91812735744398,323.0,143.0,212.72347810008495,140.47943377978729,75.73029790069792,0.6068399084421705,18064950
214,83.05762694196734,626.045742643467,727.8351639928953,55,515,613,101,755,853,978518,229.36716658325486,43.57424683203849,2649600,0.3693078200483092,979522,1487013,-1946,6529.0,2897.0,468.26017814695285,264.48365691791054,146.0,161.0,4676.051778534913,2725.4006046705,2140.5226725623547,0.6580426667419854,18064950
215,43.09024212478162,1399.030311150173,1750.7507100826376,28,1296,1660,62,1487,1861,373196,201.05234918424333,24.714068254049625,1305294,0.2859095345569657,374012,610531,-25,5129.0,3014.0,542.2902576662129,278.9726417217762,157.0,142.0,3488.5378792883334,2051.6416141084364,1497.9747821464794,0.6112646204697223,18064950
216,76.56731064090769,3750.8190739037104,1213.660533578657,74,3737,1196,81,3766,1232,3261,36.833001530970186,6.202315409427489,7308,0.44622331691297207,3261,3936,1,3257.0,213.0,1225.4878871511805,172.71726464274764,386.0,137.0,106.15290259854754,69.7569359109237,40.24283833142601,0.8285060975609756,18064950
217,90.62065607153924,2558.744078976493,29.613838594005934,84,2521,0,97,2595,68,22589,79.14170291183835,11.424445117900003,65416,0.3453130732542497,22594,35252,-14,2695.0,1866.0,497.8813139138519,325.53791668511224,80.0,96.0,544.6298172606764,319.69635430187964,237.9852575839877,0.6407863383637807,18064950
218,46.66530766871719,2752.3563040066388,3027.000595313261,37,2697,2962,57,2817,3124,55433,181.8812384024676,14.574192584280558,388800,0.14257458847736626,55433,180003,-32,4780.0,1637.0,554.2822145653312,323.13396352353294,90.0,105.0,2285.943859497587,1664.6595986149478,642.5249698310089,0.3079559785114693,18064950
219,33.19217622483859,1632.7086973034561,1545.4046614827994,27,1580,1492,41,1684,1622,50027,137.281217678484,11.270493051245065,189280,0.2643015638207946,50035,87128,-24,3966.0,4512.0,503.66849901053433,381.7349231415036,128.0,164.0,1266.0468702911644,948.6578370452737,330.091434607707,0.5741782205490772,18064950
220,43.600742223334166,2809.02397631557,2195.509256942707,37,2776,2150,51,2845,2239,23982,97.51240664540092,12.002600883833132,85974,0.2789447972642892,23985,43352,-17,5195.0,238.0,1058.392127428905,169.43853723626052,409.0,122.0,646.6962516878891,482.6365938877311,178.46590059781718,0.553192470935597,18064950
221,44.73625010815332,2828.4062094425058,1384.2871686903354,37,2778,1337,55,2881,1437,69346,102.61763833614934,14.721147776975217,185400,0.37403451995685005,69416,88552,17,5191.0,1569.0,550.743532431575,317.7607648602659,125.0,144.0,965.1065618855687,537.3545944780144,449.4231865947085,0.7831104887523714,18064950
222,42.42411125437466,1259.707404678578,2719.4880272610058,38,1235,2695,48,1288,2744,10858,54.773069797906125,8.25528311462095,25970,0.4180978051597998,10858,13281,1,4803.0,240.0,1255.6849327684656,188.05120648369865,322.0,143.0,260.78539916467366,153.41194371944212,114.18842537548612,0.8175589187561177,18064950
223,49.64446836870707,2191.408361529786,3320.853404080796,43,2150,3266,57,2233,3386,39012,127.1802786476712,11.064752973016752,139440,0.279776247848537,39012,61516,-1,6595.0,273.0,1326.5057418230288,173.59991797395674,407.0,123.0,1032.8216766798917,814.8626017626588,230.2019507526212,0.6341764744131608,18064950
224,73.18443371665093,1308.1150658817924,3793.2984405475295,60,1230,3721,87,1387,3891,226618,165.69682751082735,20.312290676045045,720630,0.31447205917044807,226774,329069,-30,5062.0,1967.0,665.3974618079765,223.3707693122347,168.0,139.0,2402.2483403400447,1393.4013899830509,1050.1058656078085,0.6886640795699382,18064950
225,50.817947807562575,2962.428368542517,1420.2119652050417,46,2930,1397,57,2992,1446,11266,62.931195588450535,8.750851121526392,33418,0.3371237057873003,11266,15768,-1,1574.0,212.0,698.0603586011007,173.4139002307829,292.0,133.0,292.58655109676874,201.84563867714675,98.39865195473396,0.7144850329781837,18064950
226,42.13151894855033,1651.1024110556841,2871.8212148994367,25,1473,2671,60,1832,3077,786419,532.9122589276817,23.64352834398883,5101390,0.15415778836748414,786786,1725876,-769,7134.0,3916.0,446.0764706854743,312.9979362146642,113.0,146.0,15758.844084090459,14227.724607397871,1587.0211199478877,0.4556636745629466,18064950
227,96.3658958511991,3704.066657795389,3865.1566914076748,85,3600,3754,101,3808,4026,202902,274.3015891677481,12.744839564619252,905216,0.22414760675904977,202953,357575,-121,5828.0,3010.0,636.8081783323969,259.70572985973524,137.0,148.0,4979.0493499594895,3770.1896377739977,1225.1028057382803,0.5674389988114381,18064950
228,47.672744128553774,1542.8921508034612,3273.8317882159045,44,1519,3235,53,1573,3307,9708,74.41885030418933,8.096880692188316,34992,0.2774348422496571,9708,18816,-4,1614.0,225.0,783.3249896992171,168.72187886279357,364.0,126.0,415.6991275273816,280.1862378770436,142.06883734469122,0.5159438775510204,18064950
229,86.93429342934293,1135.9681852800666,3793.1648549470333,81,1087,3751,95,1173,3844,28886,91.06506574064849,12.139836276763836,111972,0.2579752080877362,28899,53793,-16,2596.0,221.0,697.1730249948072,175.55324378591706,352.0,130.0,704.4342379355534,422.01109115876307,297.1607092594534,0.5369843659955756,18064950
230,71.34001663399275,3878.2406136755185,2002.544659300184,62,3772,1917,86,3973,2075,134664,214.59344085944758,18.138124506392657,762192,0.17667989168083634,134701,364562,-115,6735.0,2007.0,587.8218454820887,284.34198449474246,132.0,122.0,3369.577677754426,2318.9668210253312,1083.510012790035,0.36938572862777797,18064950
231,31.64927226190931,1883.8526187110822,2255.2371547541734,26,1836,2203,38,1924,2294,26177,89.79831122652467,10.030568473316336,96096,0.27240467865467866,26177,40665,-1,6107.0,225.0,1129.9781105550674,169.41249952248157,389.0,119.0,649.6694694179351,408.2174501516838,251.5132496560401,0.6437231034058772,18064950
232,60.071879864481275,1095.0648521197693,2498.680615328267,53,1043,2450,68,1142,2551,43684,92.0251572695528,12.63491777807397,149985,0.29125579224589127,43695,68139,-7,7534.0,246.0,1166.2921664682722,180.74267466349235,348.0,137.0,790.1870552693838,431.4135358872309,374.73763410802184,0.6411012782694199,18064950
233,56.701072142467744,1108.4055969471196,2958.331819007814,53,1084,2937,61,1134,2982,5503,58.65464447555863,5.714120887671254,18000,0.30572222222222223,5503,9655,1,232.0,1088.0,139.57968380883153,436.6767217881156,103.0,231.0,292.58297261235487,173.65092480365504,122.19716556059191,0.569963749352667,18064950
234,68.14155519623695,2705.4624430398353,3753.59664853741,65,2678,3732,72,2732,3779,6803,54.13642548543306,6.405080123167826,17766,0.38292243611392546,6803,9152,1,2199.0,222.0,837.5738644715567,181.455681317066,375.0,141.0,230.81881065721285,148.58888078620225,86.33243500943055,0.7433347902097902,18064950
235,71.2629716981132,2711.5453078450846,3894.1683838133067,65,2687,3865,82,2741,3925,16112,61.00445207007483,13.093301375945009,55080,0.2925199709513435,16114,26958,-3,3763.0,351.0,1058.654605263158,182.81578947368422,313.0,141.0,312.0219850258481,194.648885664569,134.51655345341143,0.5976704503301432,18064950
236,29.278856610222153,1953.5261767904303,2447.5073792139196,27,1931,2423,33,1979,2471,6437,47.03784663239468,6.268929703897133,13824,0.4656394675925926,6437,8052,1,1773.0,246.0,814.1011340686655,175.28677955569364,345.0,135.0,206.9690311578551,112.59292477225438,98.30605434884112,0.7994287133631396,18064950
237,56.52977247055026,1198.5965789898337,2829.4886235275135,53,1170,2796,61,1222,2851,6197,58.855560940965624,7.892835144682116,22880,0.2708479020979021,6198,11288,-2,4749.0,211.0,1140.9990317895756,171.5710827819913,391.0,136.0,248.76762538113616,176.31369501484238,78.68361502840669,0.5489900779588944,18064950
238,73.87445346658339,3873.236352279825,2885.141911305434,70,3846,2855,78,3896,2923,8005,70.4342356761417,7.458616034966337,27200,0.2943014705882353,8005,15510,-7,2478.0,208.0,704.8439725171768,163.96164896939413,353.0,120.0,359.3261895036104,250.8306254219664,114.0586593973497,0.5161186331399097,18064950
239,87.35380292996187,4176.931165964279,2055.6415813766807,83,4157,2039,92,4198,2084,4983,43.305201006973874,7.355823743327357,16605,0.3000903342366757,4983,7705,0,874.0,1119.0,227.75837848685532,378.4916716837247,95.0,126.0,164.53450850587066,96.47242885986547,73.47289394029504,0.6467229072031149,18064950
240,28.98941098610192,2012.8444738583719,2505.477895433488,25,1984,2465,35,2049,2546,15110,87.49814549015537,8.073221738246014,52650,0.2869895536562203,15111,27929,-18,1481.0,218.0,699.8651886168101,173.05539377895434,377.0,138.0,587.0688141279139,386.0551186725642,207.5313863788385,0.5410147158867127,18064950
241,89.88492236250181,1189.7255840951966,4011.742417646205,86,1166,3981,94,1215,4041,6891,67.60825236579188,6.901778960267066,23520,0.292984693877551,6891,12768,2,4124.0,188.0,1052.1573066318385,146.1538238281817,444.0,106.0,342.879862009376,230.92551703864947,116.71780025236502,0.5397086466165414,18064950
242,62.067512581098114,1266.664005247676,3159.0621726608383,53,1180,3066,73,1346,3231,97567,154.30574191523988,16.306423557561708,547800,0.1781069733479372,97612,219210,-62,4823.0,2292.0,481.2650998800824,312.2604569167854,108.0,111.0,1937.1065216426032,1203.808071862561,759.8883947039025,0.4450846220519137,18064950
243,42.727297551425224,2357.4372373996935,876.9268338549919,26,2256,773,62,2447,973,388185,187.89665378327183,25.48869212219635,1375200,0.2822753054101222,388554,618683,-199,8304.0,1097.0,616.6152504604763,205.7917719643984,148.0,137.0,3387.92456203743,1797.7412964525417,1655.1506081948996,0.6274376376916774,18064950
244,63.22566027171964,1288.4578117208619,3531.1424297299427,53,1230,3438,77,1353,3616,114309,160.2098206354865,16.30167815154375,525456,0.21754247739106605,114320,201709,-22,9295.0,2726.0,698.1485009929227,292.0002274536563,130.0,153.0,1861.1687739891995,1296.6465669305633,591.0966781142881,0.5667025269075747,18064950
245,61.877985285795134,866.0963780418789,3115.91233729485,56,829,3084,69,903,3144,17670,81.8788788563176,9.183875548565625,57720,0.30613305613305614,17670,24272,2,1124.0,1560.0,160.58522920203734,443.08828522920203,90.0,195.0,452.3390758780249,339.42471864295374,121.34871424422533,0.7279993408042189,18064950
246,36.0232825524576,2179.5326243173326,2534.9304397815463,33,2161,2515,40,2211,2554,3479,50.328209835921434,4.812504014108167,13650,0.2548717948717949,3479,5784,0,1700.0,220.0,692.0974417936188,179.5725783271055,350.0,143.0,198.98350439206143,127.80444500871731,73.49507887192485,0.6014868603042877,18064950
247,58.42485998712077,3200.6653615524215,1422.8820435050472,37,3106,1289,85,3299,1575,717434,249.25802591883686,38.23427076796529,2649504,0.27078049325458653,718027,1098013,-380,4507.0,2061.0,494.6917305285225,260.3986485167974,144.0,145.0,4606.5976247290855,3179.571147305682,1573.2124235392118,0.6533929926148415,18064950
248,61.21889119988525,987.721580721509,2802.4828229218965,56,952,2770,68,1023,2838,13943,79.88951937861718,8.379805613966806,57936,0.2406621099143883,13943,29071,-5,3101.0,219.0,823.1858997346338,170.84558559850822,354.0,128.0,545.573842593,322.62782243371595,229.968134372071,0.4796188641601596,18064950
249,78.01823440737247,2885.4981063840846,3901.84976199847,65,2794,3764,95,3026,4034,269326,254.71577600374536,20.33723237874149,1879200,0.14331949765857813,269519,766299,-410,2214.0,2919.0,413.65533591261146,319.63821910992624,83.0,133.0,5157.1220808442695,3264.6864783008555,1933.7959046261071,0.35146333219800624,18064950
250,67.08411299028427,899.7745591939547,3436.8633501259446,59,877,3409,76,921,3471,11116,59.82139754745576,13.945713350564676,46376,0.23969294462653096,11116,19934,-8,1207.0,1606.0,267.1052536883771,363.88745951781215,121.0,149.0,258.7194333504511,188.65412626934315,89.51359916671971,0.5576402127019163,18064950
251,47.13717848791894,2633.096425787774,3258.2410644694355,43,2585,3223,52,2672,3293,8981,91.35510901326846,6.447864398412247,54810,0.16385696040868455,8981,23674,-12,1505.0,208.0,711.434806814386,166.52110010021156,400.0,124.0,597.5799301989467,419.3665449063238,182.37088082265416,0.3793613246599645,18064950
252,61.90110998990918,939.8892532795156,2647.2050958627647,59,924,2630,66,958,2667,3964,36.30150902835347,6.544467555353997,8806,0.45014762661821484,3964,4906,1,2935.0,221.0,1106.8567103935418,182.36579212916246,335.0,148.0,118.78631618384395,68.03148066593548,55.03784107621659,0.807990216061965,18064950
253,82.43770445171384,3444.084340776561,3696.7985350590243,78,3408,3665,88,3478,3735,14062,75.04830472941356,8.294451899290475,49000,0.2869795918367347,14063,24925,-29,1876.0,232.0,669.2821078082776,184.26674726212488,275.0,143.0,505.6694157697345,285.05229875342803,227.4969102472708,0.564172517552658,18064950
254,77.42553102350328,2589.895429217814,285.0418743977544,72,2528,229,85,2648,339,47738,129.29466179923753,10.262458484843904,171600,0.2781934731934732,47746,92625,-52,2846.0,292.0,711.1571913360426,172.82749591520383,231.0,120.0,1423.9991071068048,841.1213811966179,593.4095313255013,0.5153900134952767,18064950
255,68.07993458039456,3207.7725646529693,3363.396810794235,65,3172,3331,73,3246,3393,9783,77.8360174232564,6.098978624210553,36704,0.2665377070619006,9783,18240,-3,2490.0,326.0,685.3305734437289,181.42440969027905,135.0,139.0,460.9053307973306,304.7821574286025,159.84292739458581,0.5363486842105263,18064950
256,78.49349445569707,360.48197100255186,2103.3550242026845,69,270,2013,94,449,2185,174774,183.8192755510288,19.00804735674449,769700,0.22706768870988697,174831,378787,-141,6342.0,2272.0,577.0782038518315,292.29241763649054,94.0,101.0,2889.279706023621,1707.541596421065,1217.8686960341804,0.46140443045827867,18064950
257,63.98983521686975,1212.6347622955996,3278.532167434813,59,1176,3234,69,1253,3310,15839,87.03311242403129,9.668463836468748,58520,0.2706596035543404,15839,29610,-3,2877.0,1187.0,438.90744365174567,333.16920260117433,108.0,145.0,559.0349123795406,383.41209255855864,184.97073911669239,0.5349206349206349,18064950
258,79.78015158765687,2872.5387407830485,206.6980004425166,64,2772,92,98,2972,306,388686,210.48866435628992,24.63808542060637,1455200,0.26710142935678943,389019,643900,-369,7310.0,2175.0,643.983963919462,222.44864234883684,164.0,122.0,3719.2922765923413,2245.6256537843983,1534.3701481272526,0.6036434228917533,18064950
259,43.08808260089131,2669.3470459891064,2548.6405476293635,27,2560,2459,62,2753,2654,258496,152.04335505635714,26.096166933872357,1317225,0.1962428590407865,258633,456918,-69,4810.0,2699.0,448.86358783114633,287.2771686989354,150.0,163.0,2154.7568495835994,1189.9095872717007,1032.948255175952,0.5657382725127922,18064950
260,96.21624298448333,988.1650709805216,3868.808187520634,93,967,3849,100,1005,3892,3029,48.71689135771553,6.0195318823810355,11438,0.2648190243049484,3029,6166,-5,1052.0,204.0,567.2994387586663,160.4978540772532,319.0,127.0,183.44226717861346,120.47851338212301,66.58723020479063,0.49124229646448264,18064950
261,48.70324943473375,3263.2815662275416,2505.661366928878,26,3137,2383,74,3369,2621,738590,218.94275986299442,34.620414711728415,2650368,0.2786745085965421,739315,1185957,-1358,8418.0,2912.0,384.0125049080004,281.89100718937436,152.0,149.0,4406.002448348938,2456.725260561845,2069.134499268299,0.6227797466518601,18064950
262,75.18205769100858,3872.2943322299534,2767.258596230494,69,3845,2742,82,3900,2792,14803,52.265757396554065,11.103846936274758,35750,0.4140699300699301,14803,17878,1,7295.0,240.0,1507.5563737080322,185.62433290549214,284.0,140.0,261.8567817262484,142.7502406509832,131.43608275368706,0.8280008949546929,18064950
263,70.93992595143791,1467.5998536249353,273.9880273807474,56,1405,191,87,1548,360,232280,167.19976021696903,23.327629091470605,749177,0.31004689145555725,232345,350040,-132,8621.0,2778.0,602.9273204752884,317.9973523333907,106.0,136.0,2150.6077014519115,1424.9969047820584,780.0286245727756,0.663581304993715,18064950
264,82.82551872167899,501.681962000159,2775.5615549725735,74,446,2725,92,550,2847,62895,137.8735336989022,14.057360015980747,228384,0.2753914459857083,62931,115457,-69,1330.0,2766.0,376.29409333015343,323.3162731536688,119.0,151.0,1414.4905938470595,960.3360332620609,473.91549764688796,0.5447482612574378,18064950
265,70.5928301419099,3263.283293053232,1009.716799900849,65,3210,952,77,3316,1065,32274,145.97984894753807,11.016190546221939,143736,0.22453665052596428,32290,82759,-26,2036.0,2004.0,519.6596641259218,254.37677387370638,118.0,114.0,1565.4924048317525,1071.5736376448351,506.0544126019844,0.3899757126113172,18064950
266,74.74895467469476,4006.0137481184142,2654.970530188995,69,3967,2623,83,4048,2696,29895,87.51621871506678,11.297180560381863,82782,0.3611292309922447,29903,47079,-13,4466.0,371.0,898.345040976752,174.93734738250544,257.0,128.0,669.387185032542,389.33574133986383,292.81407255406515,0.6349964952526604,18064950
267,59.052820325796255,3563.9891198638466,1916.0369559931924,54,3523,1891,65,3606,1945,16452,74.24487977117363,8.835900135830851,49302,0.33369843008397226,16452,22847,1,5725.0,1470.0,783.950583515682,368.07956479455385,121.0,132.0,413.2779433877338,279.51876517232023,141.56649133645112,0.7200945419529916,18064950
268,68.46822450316662,3143.721627720754,3518.9957778263083,64,3116,3487,74,3174,3552,13737,64.23576930244288,8.618168751548847,37700,0.36437665782493367,13739,19933,2,2135.0,254.0,724.6446094489336,177.1086845745068,356.0,137.0,368.4067368728026,210.02534452534175,165.80867561047813,0.6891586815833041,18064950
269,48.750732600732604,3261.6404395604395,1824.0907326007325,43,3215,1759,56,3321,1886,27300,145.24745439385975,9.718567722474855,175006,0.15599465161194473,27300,76084,-25,4966.0,1379.0,669.0404029304029,235.45838827838827,132.0,141.0,1410.8479316104233,1059.563678323635,360.7293091444213,0.3588139424846223,18064950
270,27.680284966560045,2733.8390520500147,2440.9001163128814,24,2703,2407,34,2759,2477,6878,68.78628712426111,7.3708715404776965,39200,0.17545918367346938,6878,16107,-11,1032.0,255.0,565.2249200348939,196.22681011922072,270.0,155.0,380.98039503968107,239.29415218037568,147.1192175859278,0.4270193083752406,18064950
271,80.37963399308828,973.7294350193738,653.8300476489685,71,921,609,91,1035,708,76392,112.2163269005982,16.243850774953426,225720,0.3384370015948963,76480,112660,16,4633.0,1241.0,652.8100193737564,187.28978165252906,175.0,127.0,1106.1974619400935,642.8183355530439,489.7653951869451,0.6780756257766731,18064950
272,58.837640449438204,1127.3960674157304,2161.6977528089888,55,1089,2140,64,1149,2190,3560,73.52749520983635,6.824309239629842,27000,0.13185185185185186,3560,11563,-4,1153.0,720.0,447.1174157303371,248.0,116.0,109.0,337.2092163347208,272.64318742153023,69.22314857300029,0.3078785782236444,18064950
273,86.10757069870564,1167.2130118919297,397.06441973166477,76,1098,325,97,1226,455,114111,137.12663376601208,16.020853967039564,349440,0.3265539148351648,114192,161475,-11,4954.0,2616.0,544.8681722182787,269.33430607040515,97.0,141.0,1544.3647202429336,953.0190724915607,617.0124239346936,0.7066790524849048,18064950
274,55.28759894459103,3260.52541011816,2673.9950671102442,52,3235,2645,60,3290,2700,8717,57.38342647820269,6.275525156035607,24200,0.3602066115702479,8717,12232,-4,451.0,422.0,155.44223930251232,306.17620741080646,114.0,211.0,285.52938627438755,166.6119925181665,122.85561535462463,0.7126389797253107,18064950
275,89.83942460768706,3314.0932624516718,3811.5504434841937,77,3239,3745,101,3404,3893,175880,150.96175799649563,19.20998752902047,586080,0.3000955500955501,175979,261747,-13,2689.0,2049.0,435.0400500341142,300.92741642028653,141.0,139.0,2006.8989935711613,1157.923799912882,885.8775557447915,0.671946574363794,18064950
276,97.35216226321037,2516.291921111665,4550.6710649302095,86,2448,4470,101,2589,4632,64192,148.2791265597,10.27277775355652,342630,0.1873507865627645,64271,186383,-876,409.0,314.0,265.8107552342971,224.90176345962115,190.0,189.0,1864.2803507858985,1104.6114668040746,770.2218802592205,0.3444090931039848,18064950
277,55.05055069189495,3313.4435187800054,2812.630754024287,52,3284,2787,60,3344,2840,7082,66.75032248600688,6.737763902799505,25440,0.27838050314465407,7082,13432,-12,1174.0,212.0,584.1316012425868,172.85893815306412,322.0,131.0,354.950295213002,225.05015071978923,134.43989073419957,0.5272483621203097,18064950
278,50.43710551869235,1494.3534957112802,910.6238445208153,23,1352,810,77,1628,1022,840344,248.74146228313452,38.4532059504656,3159648,0.2659612716353214,841385,1303305,-1117,5413.0,2892.0,434.9248153137287,242.11411636187086,126.0,138.0,4731.8903087163,3167.5482053310475,1712.2070081721447,0.6447792343311811,18064950
279,81.72092056009981,799.303341189519,3412.2586718425064,75,755,3366,89,840,3456,36065,103.92311229146597,11.145557893760513,107100,0.33674136321195147,36095,53437,17,2240.0,225.0,671.9278247608485,182.2484680438098,232.0,139.0,804.4309831577468,546.2118364553907,270.6414927786729,0.6749068997136816,18064950
280,60.26445086705202,1275.0713192791568,3379.348265895954,55,1246,3352,66,1306,3410,11764,72.68441450156249,9.283805113672173,38280,0.30731452455590386,11767,20232,-6,2820.0,230.0,787.2390343420606,175.9858891533492,363.0,138.0,395.3549149362177,268.4606574411796,135.51316123390268,0.5814551206010281,18064950
281,43.74187404773997,2367.7526663280855,3068.0027932960893,38,2336,3033,50,2411,3108,7876,114.7615834096248,10.751421897382258,67500,0.11668148148148148,7876,27878,-9,3657.0,196.0,1011.4699085830371,145.74428643981716,486.0,104.0,745.0428911146397,664.2907049749891,92.31149342120165,0.2825166798192123,18064950
282,70.14583955523904,2578.951316938133,561.3973902455834,47,2496,482,93,2654,669,348232,156.62396846238653,34.48264135052715,1359116,0.2562194838409672,348343,563413,-559,4733.0,3639.0,371.6655275793149,320.68236118449767,137.0,153.0,2134.249291158092,1286.0060025707864,967.1485440382141,0.6180759052418031,18064950
283,56.23348300192431,3666.853752405388,2218.765234124439,54,3650,2203,59,3686,2236,3118,36.12542364570427,4.943734782061485,5940,0.5249158249158249,3118,3876,1,954.0,197.0,685.9769082745349,160.45862732520845,356.0,120.0,124.33136971809745,66.47433735884866,60.30108371878524,0.804437564499484,18064950
284,42.58711919997603,1733.8064529310332,1307.4796493493404,28,1641,1212,60,1836,1398,367089,183.5286149949781,24.856399173596756,1160640,0.3162815343258892,367385,535707,-18,6429.0,3974.0,469.27659504915704,354.92334284056454,121.0,160.0,3160.8472168816265,1715.0296550926043,1507.6016197767403,0.6852421192928224,18064950
285,95.12424502340875,2721.314749294164,4379.599013616383,86,2676,4336,101,2780,4423,55962,113.7918413037784,12.715929084927144,135720,0.4123342175066313,55972,71885,7,12149.0,1936.0,939.5205853972338,276.3522032807977,121.0,144.0,974.1281696343248,655.5138999898592,334.7837548937552,0.7784934270014606,18064950
286,79.51132664496505,3427.5530311115854,1036.7253855595281,72,3360,966,88,3486,1112,74956,139.4863869842616,12.56005275973494,294336,0.2546613394216134,74965,142080,-17,3523.0,929.0,703.6295960296708,198.83098084209402,110.0,98.0,1770.5163697666026,980.7103539625256,805.5815083368095,0.527561936936937,18064950
287,59.14059196617336,2839.5192389006343,3438.5837209302326,57,2816,3417,63,2865,3459,4730,50.62905322704867,5.217955602996061,12348,0.3830579850988014,4730,6388,0,1301.0,224.0,713.9403805496829,184.22093023255815,378.0,146.0,194.44109984451705,129.52640456710827,67.63740134489258,0.7404508453350032,18064950
288,78.36026255995961,1737.9899015400151,149.73163342590254,76,1717,126,82,1756,169,3961,47.10263390522115,5.13047797706987,10062,0.39365931226396345,3961,6002,1,1757.0,192.0,864.3231507195153,152.40267609189598,353.0,116.0,188.16743104871637,112.24899625412438,78.55061522191188,0.6599466844385204,18064950
289,63.852081746029036,654.475544694503,2412.8381257110836,35,480,2292,94,771,2524,1170748,248.7494337521796,47.10868037581002,3983208,0.2939208798536255,1171751,1740366,-1422,5868.0,3428.0,407.4513874890241,303.1174249283364,132.0,153.0,5182.683941513597,3204.7754279390115,2199.8312902496086,0.6727021787371162,18064950
290,47.214361429304155,2584.7099675158147,2899.128341026956,38,2524,2838,61,2644,2967,87735,144.206911436982,15.862122270080624,356040,0.24641894169194473,87800,125416,4,1135.0,2344.0,204.0257137972303,485.55995896734487,99.0,161.0,1392.81118765559,1052.3620114552282,365.60986849146053,0.6995518913057345,18064950
